<?xml version="1.0" encoding="utf-8"?>
<ExampleTree xmlns:xsi="http://www.w3.org/2001/XMLSchema-instance" xmlns:xsd="http://www.w3.org/2001/XMLSchema">
  <Name>Examples</Name>
  <Editable>true</Editable>
  <Nodes>
    <ExampleTreeNode>
      <Name>Lecture 1</Name>
      <Children>
        <ExampleCode>
          <Name>Statements and expressions</Name>
          <SourceCode>int x = 15;
int y = x * 20;

System.Console.WriteLine(x);
System.Console.WriteLine(y);
                    </SourceCode>
        </ExampleCode>
        <ExampleCode>
          <Name>Types and aliases</Name>
          <SourceCode>using System;

int x = 15;
System.Int32 y = 15;

x.Dump();
y.Dump();
                    </SourceCode>
        </ExampleCode>
        <ExampleCode>
          <Name>Numbers</Name>
          <SourceCode>int x = 127;
x.Dump();

long y = 0x7F;
y.Dump();

int milion = 1_000_000;
milion.Dump();

int bin = 0b0111_1111;
bin.Dump();

//type inference from value literal
1.0.Dump();
1.5E6.Dump();
1.Dump();
0xF0ABCD01.Dump();
0x100000000000.Dump();
                    </SourceCode>
        </ExampleCode>
        <ExampleCode>
          <Name>Type conversions</Name>
          <SourceCode>// whole numbers
int x = 12345;
long y = x;  // implicit
short z = (short)x; // explicit

x.Dump();
y.Dump();
z.Dump();

//floating point numbers
int i = 1;
float f = i;

i.Dump();
f.Dump();

int i2 = (int)f;

i2.Dump();

// large whole numbers
int vi1 = 100000001;
float vf = vi1;
int vi2 = (int)vf;

vi1.Dump();
vf.Dump();
vi2.Dump();
                    </SourceCode>
        </ExampleCode>
        <ExampleCode>
          <Name>Value type</Name>
          <SourceCode>// value type
Point b1 = new Point();

b1.X = 7;

Point b2 = b1; 
System.Console.WriteLine (b1.X); // 7
System.Console.WriteLine (b2.X); // 7

b1.X = 9; 
System.Console.WriteLine (b1.X); // 9
System.Console.WriteLine (b2.X); // 7

public struct Point { public int X, Y; }
                    </SourceCode>
        </ExampleCode>
        <ExampleCode>
          <Name>Reference type</Name>
          <SourceCode>// reference type
Point b1 = new Point();

b1.X = 7;

Point b2 = b1; 
System.Console.WriteLine (b1.X); // 7
System.Console.WriteLine (b2.X); // 7

b1.X = 9; 
System.Console.WriteLine (b1.X); // 9
System.Console.WriteLine (b2.X); // 9

public class Point { public int X, Y; }
                    </SourceCode>
        </ExampleCode>
        <ExampleCode>
          <Name>Switch (classic)</Name>
          <SourceCode>using System;

int grade = 3;

switch (grade)
{
    case 1: Console.WriteLine("Excellent"); break;
    case 2: Console.WriteLine("Very good"); break;
    case 3: Console.WriteLine("Good"); break;
    case 4: Console.WriteLine("Failed"); break;
    case -1: goto case 4;
    default: Console.WriteLine("Unknown value"); break;
}                      
                    </SourceCode>
        </ExampleCode>
        <ExampleCode>
          <Name>Switch as value pattern expression</Name>
          <SourceCode>using System;

int grade = 3;

string result = grade switch
{
    1 =&gt; "Excellent",
    2 =&gt; "Very good",
    3 =&gt; "Good",
    4 =&gt; "Failed",
    _ =&gt; "Unknown value"
};

result.Dump();
                    </SourceCode>
        </ExampleCode>
      </Children>
    </ExampleTreeNode>
    <ExampleTreeNode>
      <Name>Lecture 2</Name>
      <Children>
        <ExampleCode>
          <Name>Rounding error</Name>
          <SourceCode>double x = 1.0 / 6.0;
x.Print();

double sum1 = x + x + x + x + x + x;
sum1.Print();

(1 == sum1).Print();

decimal d = 1.0M / 6.0M;
d.Print();

decimal sum2 = d + d + d + d + d + d;
sum2.Print();

(1 == sum2).Print();                        
                    </SourceCode>
        </ExampleCode>
        <ExampleCode>
          <Name>Strings</Name>
          <SourceCode>string s1 = "c:\\folder\\file.cs";
s1.Print();

string s2 = @"c:\folder\file.cs";
s2.Print();

int x = 60;
string s3 = $"One hour is {x} minutes.";
s3.Print();
                    </SourceCode>
        </ExampleCode>
        <ExampleCode>
          <Name>Ternary conditional operator</Name>
          <SourceCode>Minimum(10, 5).Print();

int Minimum(int a, int b) 
{
    return (a &lt; b) ? a : b;
}
                    </SourceCode>
        </ExampleCode>
        <ExampleCode>
          <Name>Class - constructor and deconstructor</Name>
          <SourceCode>using System;

Person o1 = new Person();
o1.Dump();

Person o2 = new Person("Karel", "Vomáčka", "Kladno");
o2.Dump();

var (name, surname, _) = o2;

name.Print();
surname.Print();


public class Person
{
    private string _name;   // needed for the full definition

    public string Name      // full property definition
    {
        set { _name = value; }   // set =&gt; _name = value;
        get { return _name; }    // get =&gt; _name;
    }

    public string Surname { get; set; }   // auto-property definition
    
    public string Address { get; set; } = "Praha";  // auto-property with initialization

    public Person()
    {
        Name = "Pepa";
        Surname = "Novák";
    }
    
    public Person(string name, string surname, string address) 
    {
        Name = name;
        Surname = surname;
        Address = address;
    }
    
    public void Deconstruct(out string name, out string surname, out string address) 
    {
        name = Name;
        surname = Surname;
        address = Address;
    }
    
    public void MyNameIs() 
    {
        Console.WriteLine($"{Name} {Surname}");
    }
}                        </SourceCode>
        </ExampleCode>
        <ExampleCode>
          <Name>Static class</Name>
          <SourceCode>StaticClass.SayHello();


public static class StaticClass
{
    public static void SayHello() 
    {
        System.Console.WriteLine("Hello!");
    }
}
                    </SourceCode>
        </ExampleCode>
      </Children>
    </ExampleTreeNode>
    <ExampleTreeNode>
      <Name>Lecture 3</Name>
      <Children>
        <ExampleCode>
          <Name>Inheritance</Name>
          <SourceCode>Person p = new Person() { Name = "Pepa", Surname = "Novák" };
p.WhoAmI().Print();

Student s = new Student() { Name = "Karel", Surname = "Vomáčka", Programme = "Info" };
s.WhoAmI().Print();
s.MyStudy().Print();

public class Person
{
	public string Name { get; set; }
	public string Surname { get; set; }
	
	public Person()
	{
	}
	
	public string WhoAmI() 
	{
		return $"I am a person called {Name} {Surname}";
	}
}

public class Student : Person 
{
	public string Programme { get; set; }
	
	public Student()
	{
	}
	
	public string MyStudy()
	{
		return $"I am a student called {Name} {Surname} and I study {Programme}";
	}
}</SourceCode>
        </ExampleCode>
        <ExampleCode>
          <Name>Overriding and hiding</Name>
          <SourceCode>using System;

Basetype b = new Basetype();
Subtype s = new Subtype();

b.MethodA();
b.MethodB();
s.MethodA();
s.MethodB();

Basetype x = s;

x.MethodA();
x.MethodB();  // x doesn't know the implementation from the Subtype!

public class Basetype
{
	public virtual void MethodA()
	{
		Console.WriteLine("Basetype -&gt; MethodA");
	}
	
	public void MethodB()
	{
		Console.WriteLine("Basetype -&gt; MethodB");
	}
}

public class Subtype : Basetype
{
	public override void MethodA()  // overriding
	{
		Console.WriteLine("Subtype -&gt; MethodA");
	}
	
	public void MethodB()  // unintentional hiding; with new keyword intentional hiding
	{
		Console.WriteLine("Subtype -&gt; MethodB");
	}
}</SourceCode>
        </ExampleCode>
        <ExampleCode>
          <Name>Upcasting, downcasting, operator as </Name>
          <SourceCode>Person o = new Person() { Name = "Pepa", Surname = "Novák" };
Student s = new Student() { Name = "Karel", Surname = "Vomáčka", Programme = "Info" };
Teacher t = new Teacher() { Name = "Karel", Surname = "Surname", Office = "E123" };

Person x = s;  // upcasting

x.WhoAmI().Print();
//x.MyStudy().Print(); // cannot be used, we are limited by the base type protocol

// when we are sure that the x is the right type, we can explicitly downcast it
((Student)x).MyStudy().Print();

Student y = x as Student;  // downcasting using as
y.GetType().Print();

x = t; // replace instance of student with instance of teacher in x

// trying to downcast x (Person) to Student, but x actually contains reference to Teacher instance
Student z = x as Student;
((z == null) ? "NULL" : z.GetType().Name).Print();

public class Person 
{
	public string Name { get; set; }
	public string Surname { get; set; }
	
	public Person()
	{
	}
	
	public string WhoAmI() 
	{
		return $"I am person {Name} {Surname}";
	}
}

public class Student : Person 
{
	public string Programme { get; set; }
	
	public Student()
	{
	}
	
	public string MyStudy()
	{
		return $"I am student {Name} {Surname} and I study {Programme}";
	}
}

public class Teacher : Person
{
	public string Office { get; set; }
	
	public Teacher()
	{
	}
	
	public string JaSedim()
	{
		return $"I am učitel {Name} {Surname} and my office is {Office}";
	}	
}</SourceCode>
        </ExampleCode>
        <ExampleCode>
          <Name>Operator is</Name>
          <SourceCode>using System;

MyClass c = new MyClass();
MyOtherClass o = new MyOtherClass();

UseClass(c);
UseClass(o);

UseClass2(c);
UseClass2(o);


void UseClass(object o) 
{
	if (o is MyClass) // type pattern
	{
		Console.Write("It is class MyClass! :) Calling... ");
		((MyClass)o).Metoda();
	}
	else
	{
		Console.WriteLine("It is not class MyClass :(");
	}
}

void UseClass2(object o) 
{
	if (o is MyClass t) // type pattern with variable
	{
		Console.Write("It is class MyClass! :) Calling... ");
		t.Metoda();
	}
	else
	{
		Console.WriteLine("It is not class MyClass :(");
	}
}

public class MyClass
{
	public void Metoda()
	{
		Console.WriteLine("Method of class MyClass");
	}
}

public class MyOtherClass
{
	public void JinaMetoda()
	{
		Console.WriteLine("Some method of class MyOtherClass");
	}
}</SourceCode>
        </ExampleCode>
        <ExampleCode>
          <Name>References this and base</Name>
          <SourceCode>MyClass t = new MyClass("a", "b");
t.Inspect();

MySubclass p = new MySubclass("a", "b", "c");
p.Dump();

public class MyClass
{
   public string Property { get; set; }
   protected string field;
   
   public MyClass(string field) 
   {
		this.field = field;
   }
   
   public MyClass(string field, string property) : this(field)
   {
   		Property = property;
   }
}

public class MySubclass : MyClass
{
	public string OtherProperty { get; set; }
	
	public MySubclass(string field, string property, string otherProperty) : base (field, property)
	{
		OtherProperty = otherProperty;
	}
}</SourceCode>
        </ExampleCode>
        <ExampleCode>
          <Name>Type object, boxing and unboxing</Name>
          <SourceCode>int x = 10;
object o = x;

x = 20;  // changing value of x doesn't change the value boxed in o

int y = (int)o;  // unboxing

y.Dump();
x.Dump();

object o2 = 3.5;

double d = (double)o2;  // unboxing
d.Dump();

int z = (int)(double)o2;  // (double) is unboxing and (int) is type conversion of the unboxed double
z.Dump();</SourceCode>
        </ExampleCode>
        <ExampleCode>
          <Name>Abstract class</Name>
          <SourceCode>using System;

Square c = new Square() { A = 5 };
Rectangle o = new Rectangle() { A = 5, B = 7 };
Circle k = new Circle() { R = 3 };

c.Circumference().Print();
c.Area().Print();

o.Circumference().Print();
o.Area().Print();

k.Circumference().Print();
k.Area().Print();

// array is typed with the abstract class, it can contain instances of all the subclasses
// and we can use all the methods the abstract class define on them
Shape[] shapes = { c, o, k };

foreach (var u in shapes) 
{
	u.GetType().Name.Print();
	u.Circumference().Print();
	u.Area().Print();
}

public abstract class Shape
{
	public abstract double Circumference();
	public abstract double Area();
}

public class Square : Shape
{
	public int A { get; set; }
	
	public override double Circumference()
	{
		return 4 * A;
	}
	
	public override double Area()
	{
		return A * A;
	}
}

public class Rectangle : Shape
{
	public int A { get; set; }
	public int B { get; set; }

	public override double Circumference()
	{
		return 2 * (A + B);
	}
	
	public override double Area()
	{
		return A * B;
	}
}

public class Circle : Shape
{
	public int R { get; set; }

	public override double Circumference()
	{
		return 2 * Math.PI * R;
	}
	
	public override double Area()
	{
		return Math.PI * (R * R);
	}
}</SourceCode>
        </ExampleCode>
        <ExampleCode>
          <Name>Interface</Name>
          <SourceCode>ClassA a = new ClassA() { Name = "Karel" };
ClassB b = new ClassB() { Name = "Petr" };
ClassC c = new ClassC() { Name = "Honza" };

a.Name.Print();
b.Name.Print();
c.Name.Print();

IRenamable[] jmena = { a, b, c };

foreach(var j in jmena)
{
	j.Rename("Gogo");
}

a.Name.Print();
b.Name.Print();
c.Name.Print();

public interface IRenamable
{
	void Rename(string newName);
}

public class ClassA : IRenamable
{
	public string Name { get; set; }
	
	public void Rename(string s)
	{
		Name = s;
	}
}

public class ClassB : IRenamable
{
	public string Name { get; set; }
	
	public void Rename(string s)
	{
		Name = s;
	}
}

public class ClassC : IRenamable
{
	public string Name { get; set; }
	
	public void Rename(string s)
	{
		Name = s;
	}
}</SourceCode>
        </ExampleCode>
        <ExampleCode>
          <Name>Delegate</Name>
          <SourceCode>using System;

ClassA a = new ClassA();
ClassB b = new ClassB();
ClassC c = new ClassC();

a.Call();

"*********".Print();

a.Call += new Method(b.MethodB);
a.Call += c.MethodC;
a.Call();

"*********".Print();

a.Call += ClassD.MethodD;
a.Call();

"*********".Print();

a.Call -= b.MethodB;
a.Call();

public delegate void Method();  // definice delegata jako typu

public class ClassA
{
	public Method Call { get; set; } = null;

	public ClassA()
	{
		Call += new Method(MethodA);
	}

	public void MethodA()
	{
		Console.WriteLine("MethodA of instance of a class A");
	}
}

public class ClassB
{
	public void MethodB()
	{
		Console.WriteLine("MethodB of instance of a class B");
	}
}

public class ClassC
{
	public void MethodC()
	{
		Console.WriteLine("MethodC of instance of a class C");
	}
}

public static class ClassD
{
	public static void MethodD()
	{
		Console.WriteLine("Static MethodD of a static class D");
	}
}</SourceCode>
        </ExampleCode>
      </Children>
    </ExampleTreeNode>
    <ExampleTreeNode>
      <Name>Lecture 4</Name>
      <Children>
        <ExampleCode>
          <Name>Exceptions</Name>
          <SourceCode>using System;

int numerator = 10;
int denominator = 0;

int result;

// result = numerator / denominator; // crashes with DivideByZeroException

try
{
	result = numerator / denominator;
}
catch(Exception e)
{
	Console.WriteLine($"An exception was caught: {e}");
}

try
{
	result = numerator / denominator;
}
catch(Exception e)
{
	Console.WriteLine($"An exception was caught: {e}");
}
finally
{
	Console.WriteLine("And finally the finally...");
}</SourceCode>
        </ExampleCode>
        <ExampleCode>
          <Name>Custom exception class</Name>
          <SourceCode>using System;

Method(3);

void Method(int x)
{
	if (x &gt; 4) throw new MyException("Don't you dare to use a number greater than 4 here!");
	else
	Console.WriteLine($"Number {x} is fine.");
}

class MyException : Exception
{
	public MyException() : base() {}
	public MyException(string message) : base(message) {}
}</SourceCode>
        </ExampleCode>
        <ExampleCode>
          <Name>using statement</Name>
          <SourceCode>using System;
using System.IO;


MethodTryFinally();

MethodUsing();




void MethodTryFinally()
{
	StreamReader reader = null;
	try
	{
		reader = File.OpenText("sources.xml");
		if (reader.EndOfStream) return;
		Console.WriteLine (reader.ReadToEnd());
	}
	finally
	{
		reader?.Dispose();
	}
}

void MethodUsing()
{
	using (StreamReader reader = File.OpenText("sources.xml"))
	{
		Console.WriteLine(reader.ReadToEnd());
	}
}</SourceCode>
        </ExampleCode>
        <ExampleCode>
          <Name>enum type</Name>
          <SourceCode>Players jags = Players.Jagr;
jags.Print();

byte jersey = (byte)jags;
jersey.Print();

Players pasta = (Players)88;
pasta.Print();

((int)Direction.Left).Print();
((int)Direction.Right).Print();
((int)Direction.Up).Print();
((int)Direction.Down).Print();

enum Direction { Left, Right, Up, Down }

enum Players : byte { Jagr = 68, Pastrnak = 88, Gretzky = 99 }</SourceCode>
        </ExampleCode>
        <ExampleCode>
          <Name>Generic type - binary tree</Name>
          <SourceCode>using System;

"Integer tree:".Print();
TreeNode&lt;int&gt; treeInt = new TreeNode&lt;int&gt;(4);
treeInt.Add(3);
treeInt.Add(-3);
treeInt.Add(5);
treeInt.Add(2);
treeInt.Add(0);

treeInt.Browse();

" ".Print();
"String tree:".Print();
TreeNode&lt;string&gt; treeString = new TreeNode&lt;string&gt;("kvák");
treeString.Add("ahoj");
treeString.Add("žbrblňk");
treeString.Add("čau");
treeString.Add("píp");
treeString.Add("bác");
treeString.Add("frk");

treeString.Browse();


class TreeNode&lt;T&gt; where T : IComparable&lt;T&gt;
{
	public T Value { get; set; }
	public TreeNode&lt;T&gt; LeftSubtree { get; set; } = null;
	public TreeNode&lt;T&gt; RightSubtree { get; set; } = null;
	
	public TreeNode(T newValue) 
	{
		Value = newValue;
	}
	
	public void Add(T newValue)
	{
		if (Value.CompareTo(newValue) &gt; 0)
		{
			// vlevo
			if (LeftSubtree == null) 
				LeftSubtree = new TreeNode&lt;T&gt;(newValue);
				else
				LeftSubtree.Add(newValue);
		}
		else
		{
			// vpravo
			if (RightSubtree == null)
				RightSubtree = new TreeNode&lt;T&gt;(newValue);
				else
				RightSubtree.Add(newValue);
		}
	}
	
	public void Browse() 
	{
		LeftSubtree?.Browse();
		Console.WriteLine(Value.ToString());
		RightSubtree?.Browse();
	}
}
</SourceCode>
        </ExampleCode>
        <ExampleCode>
          <Name>Generic method</Name>
          <SourceCode>int[] numbers = { 1, 2, 3, 4 };
numbers.Dump();

Helper.ModifyValues(numbers, Squared);
numbers.Dump();

Helper.ModifyValues(numbers, TimesTwo);
numbers.Dump();


int Squared(int x) =&gt; x * x;
int TimesTwo(int x) =&gt; x * 2;

delegate T Transform&lt;T&gt;(T parameter);

static class Helper
{
	public static void ModifyValues&lt;T&gt;(T[] arr, Transform&lt;T&gt; t) 
	{
		for (int i = 0; i &lt; arr.Length; i++)
		{
			arr[i] = t(arr[i]);
		}
	}
}</SourceCode>
        </ExampleCode>
        <ExampleCode>
          <Name>Generic delegate</Name>
          <SourceCode>GenericDelegate&lt;int&gt; del = Squared;

del(10).Print();


// called method and delegate definitions

int Squared(int x) =&gt; x * x;

delegate T GenericDelegate&lt;T&gt; (T parameter);

</SourceCode>
        </ExampleCode>
        <ExampleCode>
          <Name>Generic delegates func and action</Name>
          <SourceCode>using System; // Func and Action are defined in the System namespace

"Direct call:".Print();
// direc call
MethodInt(10).Print();
MethodVoid(10);

"Call via delegate:".Print();
// definition of delegate variables
Func&lt;int, int&gt; delegateInt = MethodInt;
Action&lt;int&gt; delegateVoid = MethodVoid;

//call via delegate
delegateInt(10).Print();
delegateVoid(10);


int MethodInt (int x) =&gt; x + 10;

void MethodVoid (int x) =&gt; Console.WriteLine(x);</SourceCode>
        </ExampleCode>
        <ExampleCode>
          <Name>Operators ?. and ?[]</Name>
          <SourceCode>int[] array = null;

//pole.Length.Print();
array?.Length.Print();

//pole[0].Print();
array?[0].Print();</SourceCode>
        </ExampleCode>
        <ExampleCode>
          <Name>Operators ?? and ??=</Name>
          <SourceCode>Person p = new Person() { Name = "Joe", Surname = "Initialized" };
p = null;

(p ?? new Person() { Name = "Joe", Surname = "Default" }).Dump();

(p is null).Dump();

(p ??=  new Person() { Name = "Joe", Surname = "Default2" }).Dump();

(p is null).Dump();

class Person
{
	public string Name { get; set; }
	public string Surname { get; set; }
}</SourceCode>
        </ExampleCode>
      </Children>
    </ExampleTreeNode>
    <ExampleTreeNode>
      <Name>Lecture 5</Name>
      <Children>
        <ExampleCode>
          <Name>IEnumerable</Name>
          <SourceCode>using System.Collections;

var a = new RadioAlphabet();

foreach(var x in a) x.Print();


public class RadioAlphabet : IEnumerable
{
	string[] alphabet = { "alpha", "bravo", "charlie", "delta", "echo", "foxtrot", "golf", "hotel", "india", 
	                      "juliet", "kilo", "lima", "mike", "november", "oscar", "papa", "quebec", "romeo", 
	                      "sierra", "tango", "uniform", "victor", "whiskey", "x-ray", "yankee", "zulu" };
	                      
	public IEnumerator GetEnumerator() 
	{
		foreach (var l in alphabet)
			yield return l;
	}	
}</SourceCode>
        </ExampleCode>
        <ExampleCode>
          <Name>IEnumerable&lt;T&gt;</Name>
          <SourceCode>using System.Collections;
using System.Collections.Generic;

var a = new RadioAlphabet();

foreach(var x in a) x.Print();


public class RadioAlphabet : IEnumerable&lt;string&gt;
{
	string[] alphabet = { "alpha", "bravo", "charlie", "delta", "echo", "foxtrot", "golf", "hotel", "india", 
	                      "juliet", "kilo", "lima", "mike", "november", "oscar", "papa", "quebec", "romeo", 
	                      "sierra", "tango", "uniform", "victor", "whiskey", "x-ray", "yankee", "zulu" };
	                      
	public IEnumerator&lt;string&gt; GetEnumerator() 
	{
		foreach (var l in alphabet)
			yield return l;
	}	
	
	IEnumerator IEnumerable.GetEnumerator() =&gt; GetEnumerator();
}</SourceCode>
        </ExampleCode>
        <ExampleCode>
          <Name>Enumerator using an iterator</Name>
          <SourceCode>using System.Collections;
using System.Collections.Generic;

var a = new RadioAlphabet();

foreach(var x in a) x.Print();


public class RadioAlphabet : IEnumerable&lt;string&gt;
{
                      
	public IEnumerator&lt;string&gt; GetEnumerator() 
	{
		yield return "alpha";
		yield return "bravo";
		yield return "charlie";
		yield return "delta"; 
		yield return "echo"; 
		yield return "foxtrot"; 
		yield return "golf";
		yield return "hotel";
		yield return "india"; 
	    yield return "juliet";
	    yield return "kilo";
	    yield return "lima";
	    yield return "mike";
	    yield return "november";
	    yield return "oscar";
	    yield return "papa";
	    yield return "quebec";
	    yield return "romeo"; 
	    yield return "sierra"; 
	    yield return "tango"; 
	    yield return "uniform"; 
	    yield return "victor"; 
	    yield return "whiskey"; 
	    yield return "x-ray"; 
	    yield return "yankee"; 
	    yield return "zulu";
	}	
	
	IEnumerator IEnumerable.GetEnumerator() =&gt; GetEnumerator();
}</SourceCode>
        </ExampleCode>
        <ExampleCode>
          <Name>Method returning IEnumerable&lt;T&gt;</Name>
          <SourceCode>using System.Collections;
using System.Collections.Generic;

foreach (var x in RadioAlphabet.Letters()) x.Print();


public class RadioAlphabet
{
                      
	public static IEnumerable&lt;string&gt; Letters()
	{
		yield return "alpha";
		yield return "bravo";
		yield return "charlie";
		yield return "delta"; 
		yield return "echo"; 
		yield return "foxtrot"; 
		yield return "golf";
		yield return "hotel";
		yield return "india"; 
	    yield return "juliet";
	    yield return "kilo";
	    yield return "lima";
	    yield return "mike";
	    yield return "november";
	    yield return "oscar";
	    yield return "papa";
	    yield return "quebec";
	    yield return "romeo"; 
	    yield return "sierra"; 
	    yield return "tango"; 
	    yield return "uniform"; 
	    yield return "victor"; 
	    yield return "whiskey"; 
	    yield return "x-ray"; 
	    yield return "yankee"; 
	    yield return "zulu";
	}	
}</SourceCode>
        </ExampleCode>
        <ExampleCode>
          <Name>Binary tree -- implementing IEnumerable&lt;T&gt;</Name>
          <SourceCode>using System;
using System.Linq;
using System.Collections;
using System.Collections.Generic;


TreeNode&lt;int&gt; treeInt = new TreeNode&lt;int&gt;(4);
treeInt.Add(3);
treeInt.Add(-3);
treeInt.Add(5);
treeInt.Add(2);
treeInt.Add(0);

TreeNode&lt;string&gt; treeString = new TreeNode&lt;string&gt;("kvák");
treeString.Add("ahoj");
treeString.Add("žbrblňk");
treeString.Add("čau");
treeString.Add("píp");
treeString.Add("bác");
treeString.Add("frk");

"Integer tree".Print();
foreach (var x in treeInt) x.Print();

" ".Print();
"String tree".Print();
foreach (var x in treeString) x.Print();

" ".Print();

var y = from s in treeString where s.CompareTo("c") &gt; 0 select s;

foreach (var x in y) x.Print();


class TreeNode&lt;T&gt; : IEnumerable&lt;T&gt; where T : IComparable&lt;T&gt;
{
	public T Value { get; set; }
	public TreeNode&lt;T&gt; LeftTree { get; set; } = null;
	public TreeNode&lt;T&gt; RightTree { get; set; } = null;
	
	public TreeNode(T newValue) 
	{
		Value = newValue;
	}
	
	public void Add(T newValue)
	{
		if (Value.CompareTo(newValue) &gt; 0)
		{
			// left
			if (LeftTree == null) 
				LeftTree = new TreeNode&lt;T&gt;(newValue);
				else
				LeftTree.Add(newValue);
		}
		else
		{
			// right
			if (RightTree == null)
				RightTree = new TreeNode&lt;T&gt;(newValue);
				else
				RightTree.Add(newValue);
		}
	}
	
	public void Browse() 
	{
		LeftTree?.Browse();
		Console.WriteLine(Value.ToString());
		RightTree?.Browse();
	}
	
    public IEnumerator&lt;T&gt; GetEnumerator()
    {
        if (LeftTree != null)
            foreach (var v in LeftTree) yield return v;

        yield return Value;

        if (RightTree != null)
            foreach (var v in RightTree) yield return v;
    }

    IEnumerator IEnumerable.GetEnumerator() =&gt; GetEnumerator();	
	
}
</SourceCode>
        </ExampleCode>
        <ExampleCode>
          <Name>IComparable&lt;T&gt;</Name>
          <SourceCode>using System;

var r1 = new Rectangle(5, 4);
var r2 = new Rectangle(4, 4);
var r3 = new Rectangle(4, 5);

(r1.CompareTo(r2)).Print();
(r1.CompareTo(r3)).Print();
(r2.CompareTo(r3)).Print();

public class Rectangle : IComparable&lt;Rectangle&gt;
{
    public int A { get; set; }
    public int B { get; set; }

    public Rectangle(int a, int b)
    {
        A = a;
        B = b;
    }

    public int Area() =&gt; A * B;

    public int CompareTo(Rectangle? other)
    {
        if (other == null) return 1;
        if (Area() &gt; other.Area()) return 1;
        if (Area() &lt; other.Area()) return -1;
        return 0;
    }
}</SourceCode>
        </ExampleCode>
        <ExampleCode>
          <Name>Overloading comparison operators</Name>
          <SourceCode>using System;

var r1 = new Rectangle(5, 4);
var r2 = new Rectangle(4, 4);
var r3 = new Rectangle(4, 5);
Rectangle r4 = null;

"CompareTo".Print();
(r1.CompareTo(r2)).Print("r1 a r2");
(r1.CompareTo(r3)).Print("r1 a r3");
(r2.CompareTo(r3)).Print("r2 a r3");

" ".Print();
"Test of == and != with null".Print();
(r4 == null).Print("r4 == null");
(r4 != null).Print("r4 != null");
(r1 == null).Print("r1 == null");

" ".Print();
"Comparison operator overloads...".Print();
(r1 &gt; r2).Print("r1 &gt; r2");
(r1 &lt; r2).Print("r1 &lt; r2");
(r1 &gt;= r2).Print("r1 &gt;= r2");
(r1 &lt;= r2).Print("r1 &lt;= r2");
(r1 == r2).Print("r1 == r2");
(r1 != r2).Print("r1 != r2");
(r1 == r3).Print("r1 == r3");

" ".Print();
"Overload of equals()".Print();
(r1.Equals(r3)).Print("r1 equals r3");


public class Rectangle : IComparable&lt;Rectangle&gt;
{
    public int A { get; set; }
    public int B { get; set; }

    public Rectangle(int a, int b)
    {
        A = a;
        B = b;
    }

    public int Area() =&gt; A * B;

    public int CompareTo(Rectangle? other)
    {
        if (other == null) return 1;
        if (Area() &gt; other.Area()) return 1;
        if (Area() &lt; other.Area()) return -1;
        return 0;
    }

    public static bool operator == (Rectangle r1, Rectangle r2)
    {
        if (r2 is null) return (r1 is null);
        return (r1.CompareTo(r2) == 0);
    }

    public static bool operator != (Rectangle r1, Rectangle r2)
    {
        if (r2 is null) return (r1 is not null);
        return (r1.CompareTo(r2) == 0);
    }
    
    public static bool operator &gt; (Rectangle r1, Rectangle r2)
    {
        if (r1 is null) return false;
        return (r1.CompareTo(r2) &gt; 0);
    }
    

    public static bool operator &lt; (Rectangle r1, Rectangle r2)
    {
        if (r1 is null) return false;
        return (r1.CompareTo(r2) &lt; 0);
    }

    public static bool operator &gt;= (Rectangle r1, Rectangle r2)
    {
        if (r1 is null) return false;
        return (r1.CompareTo(r2) &gt;= 0);
    }
    

    public static bool operator &lt;= (Rectangle r1, Rectangle r2)
    {
        if (r1 is null) return false;
        return (r1.CompareTo(r2) &lt;= 0);
    }


	public override bool Equals(object obj)
    {
    	if (obj is not Rectangle o) return false;
    	return (this.A == o.A &amp;&amp; this.B == o.B);
    }
}
</SourceCode>
        </ExampleCode>
        <ExampleCode>
          <Name>Complex number with overloaded operators</Name>
          <SourceCode>using System;

var c1 = new Complex(1, 2);
var c2 = new Complex(1, -1);
var c3 = new Complex(3, 4);
var c4 = new Complex(2, -5);
var c5 = new Complex(2, -1);
var c6 = new Complex(0, 1);
var c7 = new Complex(6, -5);
var c8 = new Complex(-4, -1);

c1.Print();
c2.Print();
c3.Print();
c4.Print();
c5.Print();
c6.Print();

(c1+c2).Print(c1 + " + " + c2);
(c3/c4).Print(c3 + " / " + c4);
(c5/c6).Print(c5 + " / " + c6);
(c3/2).Print(c3 + " / 2");
(c3*c7).Print(c3 + " * " + c7);
(c3*c8).Print(c3 + " * " + c8);

public struct Complex
{
    // real part
    public double R { get; set; }
    // imaginary part
    public double I { get; set; }

    public Complex(double r, double i)
    {
        R = r;
        I = i;
    }

    public override string ToString()
    {
        return (I &gt;= 0) ? $"{R}+{I}i" : $"{R}{I}i";
    }

    #region Comparison operators
    // complex numbers cannot be ordered by their value
    // so we can only compary for equality - operators == and !=
    public static bool operator ==(Complex c1, Complex c2)
    {
        return (c1.R == c2.R &amp;&amp; c1.I == c2.I);
    }

    public static bool operator !=(Complex c1, Complex c2)
    {
        return (c1.R != c2.R || c1.I != c2.I);
    }
    #endregion

    #region Arithmetic operators
    // complex numbers support addition, subtraction, multiplication and division
    
    public static Complex operator +(Complex c1, Complex c2)
    {
        return new Complex(c1.R + c2.R, c1.I + c2.I);
    }

    public static Complex operator -(Complex c1, Complex c2)
    {
        return new Complex(c1.R - c2.R, c1.I - c2.I);
    }

	// multiplying a complex number by a real number
    public static Complex operator *(Complex c1, double real)
    {
        return new Complex(c1.R * real, c1.I * real);
    }
	
	// multiplying a real number by a complex number
    public static Complex operator *(double real, Complex c1)
    {
        return new Complex(c1.R * real, c1.I * real);
    }

    // multiplying a complex number by another complex number = (x1y1−x2y2)+(x1y2+x2y1)i
    public static Complex operator *(Complex c1, Complex c2)
    {
        double real = (c1.R * c2.R) - (c1.I * c2.I);
        double imaginary = (c1.R * c2.I) + (c1.I * c2.R);
        return new Complex(real, imaginary);
    }

    // dividing a complex number by a real number
    public static Complex operator /(Complex c1, double real)
    {
        if (real == 0) throw new DivideByZeroException("Complex number cannot be divided by zero!");
        return new Complex(c1.R / real, c1.I / real);
	}

    // dividing a complex number by another complex number
    public static Complex operator /(Complex c1, Complex c2)
    {
        if (c2.R == 0 &amp;&amp; c2.I == 0) throw new DivideByZeroException("Complex number cannot be divided by zero!");
        double real = ((c1.R * c2.R) + (c1.I * c2.I)) / ((c2.R * c2.R) + (c2.I * c2.I));
        double imaginary = ((c1.I * c2.R) - (c1.R * c2.I)) / ((c2.R * c2.R) + (c2.I * c2.I));
        return new Complex(real, imaginary);
    }
    #endregion
}</SourceCode>
        </ExampleCode>
        <ExampleCode>
          <Name>List and Dictionary collections</Name>
          <SourceCode>using System;
using System.Collections;
using System.Collections.Generic;

var list = new List&lt;string&gt;();
list.Add("aaa");
list.Add("bbb");
list.Add("ccc");

"Content of list:".Print();
foreach (var s in list) s.Print();

" ".Print();
"Content of dictionary:".Print();
var dict = new Dictionary&lt;string, string&gt;();
dict.Add("auto", "car");
dict.Add("pes", "dog");
dict.Add("kočka", "cat");
dict.Add("pivo", "beer");

foreach (var p in dict) p.Print();

" ".Print();

dict["pes"].Print("pes");
dict["pivo"].Print("pivo");
</SourceCode>
        </ExampleCode>
      </Children>
    </ExampleTreeNode>
    <ExampleTreeNode>
      <Name>Přednáška 6</Name>
      <Children>
        <ExampleCode>
          <Name>Typ struct</Name>
          <SourceCode>Bod b1 = new Bod();
Bod b2 = new Bod(2, 3);
Bod b3 = default;

b1.Dump();
b2.Dump();
b3.Dump();

"Kopie instance a změna jejího obsahu: ".Print();

var b4 = b2;
b4.x = 10;

b2.Dump();
b4.Dump();

public struct Bod
{ 
	public int x, y; 
	
	public Bod(int x, int y) 
	{
		this.x = x;
		this.y = y;
	}
}</SourceCode>
        </ExampleCode>
        <ExampleCode>
          <Name>Typ touple</Name>
          <SourceCode>// tuple s nepojmenovanými položkami
var pepa = ("Pepa", "Novák", 22);
pepa.Print();
pepa.Dump();

pepa.Item1.Print();

(string, string, int) karel = ("Karel", "Vomáčka", 30);
karel.Dump();

var franta = VytvorFrantu();
franta.Dump();


(string jmeno, string prijmeni, int vek) petr = ("Petr", "Velký", 35);
petr.Dump();

var honza = VytvorHonzu();
honza.Dump();

(string, string, int) VytvorFrantu() =&gt; ("Franta", "Brabec", 25);
(string jmeno, string prijmeni, int vek) VytvorHonzu() =&gt; ("Honza", "Malý", 20);</SourceCode>
        </ExampleCode>
        <ExampleCode>
          <Name>Typ record</Name>
          <SourceCode>var b1 = new Bod(2, 3);
b1.Print();

var b2 = new Bod3D(4, 5, 3);
b2.Print();


public record Bod
{
	public int X { get; init; }
	public int Y { get; init; }
	
	public Bod(int x, int y)
	{
		X = x;
		Y = y;
	}
}

public record Bod3D
{
	public int X { get; init; }
	public int Y { get; init; }
	public int Z { get; init; }
	
	public Bod3D(int x, int y, int z) =&gt; (X, Y, Z) = (x, y, z);
}</SourceCode>
        </ExampleCode>
        <ExampleCode>
          <Name>Typ record - definice seznamem parametrů</Name>
          <SourceCode>var b1 = new Bod(2, 3);
b1.Print();

var b2 = new Bod3D(4, 5, 3);
b2.Print();

// dekonstrukce pomocí vygenerovaného dekonstruktoru
var (x, y) = b1;

x.Print();
y.Print();

public record Bod (int X, int Y) { }
public record Bod3D (int X, int Y, int Z) { }</SourceCode>
        </ExampleCode>
        <ExampleCode>
          <Name>Typ record - nedestruktivní změna</Name>
          <SourceCode>var b1 = new Bod(2, 3);
b1.Print();

var b2 = b1 with { Y = 10 };
b2.Print();

var test = new Test(1, 2, 3, 4, 5);
test.Print();

var test2 = test with { A = 5, C = 10, E = 15 };
test2.Print();

public record Bod (int X, int Y) { }
public record Test (int A, int B, int C, int D, int E) {}</SourceCode>
        </ExampleCode>
        <ExampleCode>
          <Name>LINQ - select</Name>
          <SourceCode>using System.Collections;
using System.Collections.Generic;
using System.Linq;

#region definice

List&lt;Osoba&gt; lidi = new List&lt;Osoba&gt;();
List&lt;TVSerial&gt; nazvy = new List&lt;TVSerial&gt;();

lidi.Add(new Osoba("Sheldon", "Cooper",1));
lidi.Add(new Osoba("Sara", "Sidle",2));
lidi.Add(new Osoba("Temperance", "Brennan",3));
lidi.Add(new Osoba("Richard", "Castle",4));
lidi.Add(new Osoba("Gregory", "House",5));
lidi.Add(new Osoba("William", "Adama",6));

nazvy.Add(new TVSerial("The Big Bang Theory",1));
nazvy.Add(new TVSerial("CSI",2));
nazvy.Add(new TVSerial("Bones",3));
nazvy.Add(new TVSerial("Castle",4));
nazvy.Add(new TVSerial("House M.D.",5));
nazvy.Add(new TVSerial("Battlestar Galactica",6));            

#endregion

// prostý select bez podmínky, řadící výsledky podle příjmení sestupně

var vysledek = from c in lidi
				orderby c.Prijmeni descending
				select c;
				
vysledek.Enumerate();

"*****".Print();

// to samé, ale "fluent" zápisem (řetězením metod)

var vysledekFluent = lidi
						.OrderByDescending(c =&gt; c.Prijmeni)
						.Select(n =&gt; n);
						
vysledekFluent.Enumerate();						

// select s podmínkou, vybere všechny lidi s příjmením majícím 5 písmen
// a seřadí je podle abecedy vzestupně

"*****".Print();

var vysledek2 = from c in lidi
				where c.Prijmeni.Length == 5
				orderby c.Prijmeni
				select c;
				
vysledek2.Enumerate();

// to samé, ale fluent zápis

"*****".Print();

var vysledek2Fluent = lidi
						.Where(c =&gt; c.Prijmeni.Length == 5)
						.OrderBy(c =&gt; c.Prijmeni)
						.Select(c =&gt; c);

vysledek2Fluent.Enumerate();						

#region definice tříd

public class Osoba
{
    public string Jmeno { get; set; }
    public string Prijmeni { get; set; }
    public int ID { get; set; }

	public Osoba(string jmeno, string prijmeni, int id)
    {
        Jmeno = jmeno;
        Prijmeni = prijmeni;
        ID = id;
    }

    public override string ToString()
    {
        return Jmeno + " " + Prijmeni;
    }
}

public class TVSerial
{
    public string Nazev { get; set; }
    public int ID { get; set; }

    public TVSerial(string nazev, int id)
    {
        Nazev = nazev;
        ID = id;
    }

    public override string ToString()
    {
        return Nazev;
    }
}

#endregion</SourceCode>
        </ExampleCode>
        <ExampleCode>
          <Name>LINQ - select s group by</Name>
          <SourceCode>using System.Collections;
using System.Collections.Generic;
using System.Linq;

#region definice

List&lt;Osoba&gt; lidi = new List&lt;Osoba&gt;();
List&lt;TVSerial&gt; nazvy = new List&lt;TVSerial&gt;();

lidi.Add(new Osoba("Sheldon", "Cooper",1));
lidi.Add(new Osoba("Sara", "Sidle",2));
lidi.Add(new Osoba("Temperance", "Brennan",3));
lidi.Add(new Osoba("Richard", "Castle",4));
lidi.Add(new Osoba("Gregory", "House",5));
lidi.Add(new Osoba("William", "Adama",6));

nazvy.Add(new TVSerial("The Big Bang Theory",1));
nazvy.Add(new TVSerial("CSI",2));
nazvy.Add(new TVSerial("Bones",3));
nazvy.Add(new TVSerial("Castle",4));
nazvy.Add(new TVSerial("House M.D.",5));
nazvy.Add(new TVSerial("Battlestar Galactica",6));            

#endregion

// seskupí lidi do skupiny podle prvního písmene jejich příjmení,
// skupiny vznikají podle toho jak jdou lidi po sobě, bez řazení

var vysledek = from c in lidi
				group c by c.Prijmeni[0];
				
foreach (var skupina in vysledek)
{
	$"Skupina '{skupina.Key}':".Print();
	foreach (var c in skupina) c.Print();
}

// seskupí lidi do skupin podle prvního písmene jejich příjmení,
// skupiny setřídí podle klíče (prvního písmena) sestupně

"*****".Print();

var vysledek2 = from c in lidi
				group c by c.Prijmeni[0] into skupina
				orderby skupina.Key descending
				select skupina;
				
foreach (var skupina in vysledek2)
{
	$"Skupina '{skupina.Key}':".Print();
	foreach (var c in skupina) c.Print();
}

#region definice tříd

public class Osoba
{
    public string Jmeno { get; set; }
    public string Prijmeni { get; set; }
    public int ID { get; set; }

	public Osoba(string jmeno, string prijmeni, int id)
    {
        Jmeno = jmeno;
        Prijmeni = prijmeni;
        ID = id;
    }

    public override string ToString()
    {
        return Jmeno + " " + Prijmeni;
    }
}

public class TVSerial
{
    public string Nazev { get; set; }
    public int ID { get; set; }

    public TVSerial(string nazev, int id)
    {
        Nazev = nazev;
        ID = id;
    }

    public override string ToString()
    {
        return Nazev;
    }
}

#endregion</SourceCode>
        </ExampleCode>
        <ExampleCode>
          <Name>LINQ - select s join</Name>
          <SourceCode>using System.Collections;
using System.Collections.Generic;
using System.Linq;

#region definice

List&lt;Osoba&gt; lidi = new List&lt;Osoba&gt;();
List&lt;TVSerial&gt; nazvy = new List&lt;TVSerial&gt;();

lidi.Add(new Osoba("Sheldon", "Cooper",1));
lidi.Add(new Osoba("Sara", "Sidle",2));
lidi.Add(new Osoba("Temperance", "Brennan",3));
lidi.Add(new Osoba("Richard", "Castle",4));
lidi.Add(new Osoba("Gregory", "House",5));
lidi.Add(new Osoba("William", "Adama",6));

nazvy.Add(new TVSerial("The Big Bang Theory",1));
nazvy.Add(new TVSerial("CSI",2));
nazvy.Add(new TVSerial("Bones",3));
nazvy.Add(new TVSerial("Castle",4));
nazvy.Add(new TVSerial("House M.D.",5));
nazvy.Add(new TVSerial("Battlestar Galactica",6));            

#endregion

// spojí postavy v seznamu lidi a seriály v seznamu nazvy
// podle jejich ID a vrátí vysledky jako anonymní objekty

var vysledek =  from c in lidi
				join s in nazvy 
				on c.ID equals s.ID
				select new { c.Jmeno, c.Prijmeni, s.Nazev };

// jde vrátit i tuple, stačí nahradit poslední část dotazu touto: 
// select (c.Jmeno, c.Prijmeni, s.Nazev)
				
vysledek.Enumerate();				

#region definice tříd

public class Osoba
{
    public string Jmeno { get; set; }
    public string Prijmeni { get; set; }
    public int ID { get; set; }

	public Osoba(string jmeno, string prijmeni, int id)
    {
        Jmeno = jmeno;
        Prijmeni = prijmeni;
        ID = id;
    }

    public override string ToString()
    {
        return Jmeno + " " + Prijmeni;
    }
}

public class TVSerial
{
    public string Nazev { get; set; }
    public int ID { get; set; }

    public TVSerial(string nazev, int id)
    {
        Nazev = nazev;
        ID = id;
    }

    public override string ToString()
    {
        return Nazev;
    }
}

#endregion</SourceCode>
        </ExampleCode>
      </Children>
    </ExampleTreeNode>
    <ExampleTreeNode>
      <Name>Přednáška 7</Name>
      <Children>
        <ExampleCode>
          <Name>Vlastní událost</Name>
          <SourceCode>using System;

Zapas z = new("Sparta", "Slavia");
z.ScoreChanged += ZmenaSkore;
z.Print();

z.GolDomaci();
z.GolHoste();
z.GolHoste();


void ZmenaSkore(object sender, EventArgs e)
{
	Console.WriteLine("Změna skóre! " + (sender as Zapas).ToString());
}


public class Zapas
{
	public string Domaci { get; set; }
	public string Hoste { get; set; }
	public int SkoreDomaci { get; set; } = 0;
	public int SkoreHoste { get; set; } = 0;
	
	public Zapas (string d, string h)
	{
		Domaci = d;
		Hoste = h;
	}
	
	public override string ToString() 
	{
		return $"Zápas {Domaci} - {Hoste} {SkoreDomaci}:{SkoreHoste}";
	}
	
	public event EventHandler ScoreChanged;
	
	protected virtual void OnScoreChanged(EventArgs e)
	{
		ScoreChanged?.Invoke(this, e);
	}
	
	public void GolDomaci()
	{
		SkoreDomaci += 1;
		OnScoreChanged(EventArgs.Empty);
	}
	
		public void GolHoste()
	{
		SkoreHoste += 1;
		OnScoreChanged(EventArgs.Empty);
	}
}
</SourceCode>
        </ExampleCode>
        <ExampleCode>
          <Name>Vlastní událost - rozšířená verze</Name>
          <SourceCode>using System;

Zapas z = new("Sparta", "Slavia");
z.ScoreChanged += ZmenaSkore;
z.Print();

z.GolDomaci();
z.GolHoste();
z.GolHoste();

void ZmenaSkore(object sender, ScoreChangedEventArgs e)
{
	Console.WriteLine($"Tým {e.Tym} dal gól! Stav {e.SkoreDomaci}:{e.SkoreHoste}");
}

public class ScoreChangedEventArgs : EventArgs 
{
	public readonly string Tym;
	public readonly int SkoreDomaci;
	public readonly int SkoreHoste;
	
	public ScoreChangedEventArgs(string tym, int skoreDomaci, int skoreHoste)
	{
		Tym = tym;
		SkoreDomaci = skoreDomaci;
		SkoreHoste = skoreHoste;
	}
}

public class Zapas
{
	public string Domaci { get; set; }
	public string Hoste { get; set; }
	public int SkoreDomaci { get; set; } = 0;
	public int SkoreHoste { get; set; } = 0;
	
	public Zapas (string d, string h)
	{
		Domaci = d;
		Hoste = h;
	}
	
	public override string ToString() 
	{
		return $"Zápas {Domaci} - {Hoste} {SkoreDomaci}:{SkoreHoste}";
	}
	
	public event EventHandler&lt;ScoreChangedEventArgs&gt; ScoreChanged;
	
	protected virtual void OnScoreChanged(ScoreChangedEventArgs e)
	{
		ScoreChanged?.Invoke(this, e);
	}
	
	public void GolDomaci()
	{
		SkoreDomaci += 1;	
		OnScoreChanged(new ScoreChangedEventArgs(Domaci, SkoreDomaci, SkoreHoste));
	}
	
		public void GolHoste()
	{
		SkoreHoste += 1;
		OnScoreChanged(new ScoreChangedEventArgs(Hoste, SkoreDomaci, SkoreHoste));
	}
}
</SourceCode>
        </ExampleCode>
        <ExampleCode>
          <Name>Vlastní ovladací prvek</Name>
          <SourceCode>using System;
using System.Windows.Forms;
using System.Drawing;

// v regionu "Můj Control" je definice vlastního ovladacího prvku
// v regionu "MyForm definice" je definice formuláře, na kterém je náš prvek použit

// TODO: DODĚLAT

Application.EnableVisualStyles();
Application.Run(new MyForm());

#region Můj Control

public class SimpleSwitch : Control
{
	private bool _state = false;

	// definice vlastních události
    public event EventHandler StateChanged;      // odpálí se, když je změněna hodnota vlastnosti State
    public event EventHandler BeforeStateChange; // odpálí se před změnou hodnoty vlastnosti State

	public bool State 
	{
		get { return _state; }
		set
		{
			OnBeforeStateChange(new EventArgs());	// odpálení události BeforeStateChange
			_state = value;							// změna hodnoty stavu	
			Invalidate();							// vyvolání překreslení prvku
			OnStateChanged(new EventArgs());		// odpálení události StateChanged
		}
	}
	
    public SimpleSwitch()	// konstruktor slouží čistě k aktivaci double bufferingu pro tento prvek
    {
        SetStyle(ControlStyles.DoubleBuffer, true);
        SetStyle(ControlStyles.AllPaintingInWmPaint, true);
        SetStyle(ControlStyles.UserPaint, true);
    }

	// vytvoření metod pro odpálení event handlerů událostí StateChanged a BeforeStateChanged
	// - jsou nové, proto jsou virtual
    protected virtual void OnStateChanged(EventArgs e)
    {
        StateChanged?.Invoke(this, e);
    }

    protected virtual void OnBeforeStateChange(EventArgs e)
    {
        BeforeStateChange?.Invoke(this, e);
    }

	// předefinování metody pro vykreslení prvku
	// - původní implementace v předkovi slouží jen pro odpálení event handleru a nic nekreslí 
	// - pokud bychom nezavolali base.OnPaint(), tak by uživatel našeho prvku sice mohl připojit
	//   event handler, ale ten by se nikdy nevykonal
    protected override void OnPaint(PaintEventArgs e)
    {
        var c = (State) ? Color.Green : Color.Red;
        e.Graphics.FillEllipse(new SolidBrush(c), 0, 0, Width, Height); 
        base.OnPaint(e); // zavolání implementace z předka - nutné pro odpálení event handleru
    }

	// předefinování metody pro reakci na kliknutí
	// - kliknutím dochází ke změně stavu, takže je nutné změnit hodnotu vlastnosti State
	// - změna hodnoty State se neprovede přímo změnou proměnné _state, ale přes vlastnost
	//   State, takže se použije setter, ve kterém se odpalují naše vlastní události
	//   BeforeStateChange a StateChanged
	// - nesmí se zapomenout zavolat implementaci metody z předka, jinak se neodpálí event
	//   handlery, které k události mohou být připojeny v místě použití našeho ovladacího
	//   prvku
    protected override void OnClick(EventArgs e)
    {
        State = !State;
        base.OnClick(e);
    }
}

#endregion

#region MyForm definice

public class MyForm : Form
{
	private SimpleSwitch _switch;

	public MyForm() 
	{
		_switch = new SimpleSwitch();
	
		this.Text = "Experimental Form";
		this.Controls.Add(_switch);
		
		_switch.Location = new Point(20, 20);
		_switch.Width = 50;
		_switch.Height = 50;
		
		_switch.Click += new EventHandler(switch_Click);
		_switch.StateChanged += new EventHandler(switch_StateChanged);
		_switch.BeforeStateChange += new EventHandler(switch_BeforeStateChange);
	}
	
	private void switch_Click(object sender, EventArgs e)
	{
		MessageBox.Show("Kliknuto na přepínač.");
	}
	
	private void switch_StateChanged(object sender, EventArgs e)
	{
		MessageBox.Show($"Stav změněn na {(sender as SimpleSwitch).State}.");
	}
	
	private void switch_BeforeStateChange(object sender, EventArgs e)
	{
		MessageBox.Show($"Aktuální stav {(sender as SimpleSwitch).State}, budoucí stav {!((sender as SimpleSwitch).State)}.");
	}	
}

#endregion</SourceCode>
        </ExampleCode>
      </Children>
    </ExampleTreeNode>
    <ExampleTreeNode>
      <Name>Přednáška 11 + 12</Name>
      <Children>
        <ExampleCode>
          <Name>Singleton (T)</Name>
          <SourceCode>// ********** SINGLETON ***********
// ********************************
// * tvořivý návrhový vzor        *
// * třídní diagram viz přednášky *
// ********************************

using System;

var s1 = Singleton.GetInstance();           // požádáme o instanci, ta zatím neexistuje a tak se vytvoří
s1.GetHashCode().Print("s1 hash");          // vypíšeme si její hash

var s2 = Singleton.GetInstance();           // požádáme opět o instanci, ta už existuje a tak se jen vrátí odkaz
s2.GetHashCode().Print("s2 hash");          // taktéž vypíšeme její hash -- je stejný jako předchozí, protože jde o stejnou instanci 
  
(s1.Equals(s2)).Print("s1 equals s2");      // ověření shodnosti pomocí metody Equals()
(s1 == s2).Print("s1 == s2");               // ověření shodnosti pomocí operátoru ==



public sealed class Singleton    // třída je definovaná jako sealed, takže z ní nelze dědit
{
 
   private static Singleton _singleton;
 
   private Singleton() {}    // private konstruktor, aby ho bylo možné volat jen z třídy samotné
 
   public static Singleton GetInstance()
   {
      if (_singleton == null)   // líné instancování = instance se vytvoří, až když je opravdu potřeba
      {
         _singleton = new Singleton(); 
         Console.WriteLine ("Singleton instancovan");
      }
      return _singleton;
   }   
}
</SourceCode>
        </ExampleCode>
        <ExampleCode>
          <Name>Builder - kanonický obecný (T)</Name>
          <SourceCode>// *********** BUILDER ************
// * kanonická verze podle GoF    *
// * - obecná podoba              *
// ********************************
// * tvořivý návrhový vzor        *
// * třídní diagram viz přednášky *
// ********************************

using System;
using System.Collections.Generic;

// Obecný popis Builderu může být abstraktní třída nebo interface,
// v tomto příkladu použijeme abstraktní třídu. Jak by vypadal interface
// definující totéž ze ukázáno v komentáři níže:

/*  // definice obecného popisu Builderu pomocí interface IBuilder
public interface IBuilder
{
	void BuildPartA();
	void BuildPartB();
	void BuildPartC();
	Product GetResult();
}
*/

var b1 = new ConcreteBuilder1();
var b2 = new ConcreteBuilder2();

var d = new Director();

var p1 = d.Construct(b1);
var p2 = d.Construct(b2);

p1.ShowParts();
p2.ShowParts();


public abstract class Builder 
{
    public abstract void BuildPartA();
    public abstract void BuildPartB();
    public abstract void BuildPartC();
    public abstract Product GetResult();
    public abstract void Reset();
}

public class Product
{
	private List&lt;string&gt; _parts = new List&lt;string&gt;();
	
	public void Add(string part) =&gt; _parts.Add(part);
	
	public void ShowParts()
	{
		Console.WriteLine("Produkt se skládá z:");
		foreach (var p in _parts) 
		{
			Console.WriteLine($"- {p}");
		}
	}
}

public class Director
{
	public Product Construct(Builder b)
	{
		b.BuildPartA();
		b.BuildPartB();
		b.BuildPartC();
		var result = b.GetResult();
		b.Reset();
		return result;
	}
}

public class ConcreteBuilder1 :  Builder
{
	private Product _product = new Product();
	
	public override void BuildPartA() =&gt; _product.Add("Součást A");
	public override void BuildPartB() =&gt; _product.Add("Součást B");
	public override void BuildPartC() =&gt; _product.Add("Součást C");
	
	public override Product GetResult() =&gt; _product;
	
	public override void Reset() =&gt; _product = new Product();
}

public class ConcreteBuilder2 :  Builder
{
	private Product _product = new Product();
	
	public override void BuildPartA() =&gt; _product.Add("Součást X");
	public override void BuildPartB() =&gt; _product.Add("Součást Y");
	public override void BuildPartC() =&gt; _product.Add("Součást Z");
	
	public override Product GetResult() =&gt; _product;
	
	public override void Reset() =&gt; _product = new Product();
}</SourceCode>
        </ExampleCode>
        <ExampleCode>
          <Name>Builder - kanonický pizza (T)</Name>
          <SourceCode>// *********** BUILDER ************
// * kanonická verze podle GoF    *
// * - příklad pizza              *
// ********************************
// * tvořivý návrhový vzor        *
// * třídní diagram viz přednášky *
// ********************************

using System;
using System.Collections.Generic;


var p = new Pizzerie();

var hb = new HawaiiPizzaBuilder();
var sb = new SunkovaPizzaBuilder();

var p1 = p.UpecPizzu(hb);
var p2 = p.UpecPizzu(sb);

p1.PopisPizzu();
p2.PopisPizzu();


public abstract class PizzaBuilder 
{
    public abstract void NastavTesto();
    public abstract void NastavZaklad();
 	public abstract void NastavIngredience();   
    public abstract Pizza GetResult();
    public abstract void Reset();
}

public class Pizza
{
	public string Nazev { get; }
	public string Testo { get; set; }
	public string Zaklad { get; set; }
	private List&lt;string&gt; _ingredience = new List&lt;string&gt;();
	
	public Pizza(string nazev) =&gt; Nazev = nazev;
	
	public void PridejIngredienci(string s) =&gt; _ingredience.Add(s);
	
	public void PopisPizzu() 
	{
		Console.WriteLine($"Pizza {Nazev} obsahuje:");
		Console.WriteLine($"- těsto {Testo}");
		Console.WriteLine($"- omáčkový základ {Zaklad}");
		Console.WriteLine("- ingredience:");
		foreach (var i in _ingredience)
		{
			Console.WriteLine($"   - {i}");
		}
	}
}

public class Pizzerie
{
	public Pizza UpecPizzu(PizzaBuilder b)
	{
		b.NastavTesto();
		b.NastavZaklad();
		b.NastavIngredience();
		var result = b.GetResult();
		b.Reset();
		return result;
	}
}

public class HawaiiPizzaBuilder : PizzaBuilder
{
	private Pizza _pizza = new Pizza("Hawaii");

	public override void NastavTesto() 
	{
		_pizza.Testo = "základní";
	}
	
	public override void NastavZaklad()
	{
		_pizza.Zaklad = "smetanový";
	}

	public override void NastavIngredience()
	{
		_pizza.PridejIngredienci("šunka");
		_pizza.PridejIngredienci("ananas");
		_pizza.PridejIngredienci("sýr");
	}	
	
	public override Pizza GetResult() =&gt; _pizza;
	
	public override void Reset() =&gt; _pizza = new Pizza("Hawaii");
}

public class SunkovaPizzaBuilder : PizzaBuilder
{
	private Pizza _pizza = new Pizza("Šunková");

	public override void NastavTesto() 
	{
		_pizza.Testo = "základní";
	}
	
	public override void NastavZaklad()
	{
		_pizza.Zaklad = "rajčatový";
	}

	public override void NastavIngredience()
	{
		_pizza.PridejIngredienci("šunka");
		_pizza.PridejIngredienci("sýr");
	}	
	
	public override Pizza GetResult() =&gt; _pizza;
	
	public override void Reset() =&gt; _pizza = new Pizza("Šunková");	
}</SourceCode>
        </ExampleCode>
        <ExampleCode>
          <Name>Fluent Builder - pizza (T)</Name>
          <SourceCode>// ******* FLUENT BUILDER *********
// * - příklad pizza              *
// ********************************
// * tvořivý návrhový vzor        *
// * - není podle návrhu GoF      *
// ********************************

using System;
using System.Collections.Generic;

var builder = new PizzaBuilder();

var hawaii = builder.NastavNazev("Hawaii")
					.VyberTesto("základní")
					.VyberZaklad("smetanový")
					.PridejIngredienci("šunka")
					.PridejIngredienci("ananas")
					.PridejIngredienci("sýr")
					.Build();
					
var sunkova = builder.NastavNazev("Šunková")
			 		 .VyberTesto("základní")
			 		 .VyberZaklad("rajčatový")
					 .PridejIngredienci("šunka")
					 .PridejIngredienci("sýr")
					 .Build();
					
hawaii.PopisPizzu();
sunkova.PopisPizzu();


public class PizzaBuilder
{
	private Pizza _pizza = new Pizza();
	
	public PizzaBuilder NastavNazev(string s)
	{
		_pizza.Nazev = s;
		return this;
	}
	
	public PizzaBuilder VyberTesto(string s)
	{
		_pizza.Testo = s;
		return this;
	}
	
	public PizzaBuilder VyberZaklad(string s)
	{
		_pizza.Zaklad = s;
		return this;
	}
	
	public PizzaBuilder PridejIngredienci(string s)
	{
		_pizza.PridejIngredienci(s);
		return this;
	}
	
	public Pizza Build() 
	{
		var result = _pizza;
		_pizza = new Pizza();
		return result;
	}
}

public class Pizza
{
	public string Nazev { get; set; }
	public string Testo { get; set; }
	public string Zaklad { get; set; }
	private List&lt;string&gt; _ingredience = new List&lt;string&gt;();
	
	public void PridejIngredienci(string s) =&gt; _ingredience.Add(s);
	
	public void PopisPizzu() 
	{
		Console.WriteLine($"Pizza {Nazev} obsahuje:");
		Console.WriteLine($"- těsto {Testo}");
		Console.WriteLine($"- omáčkový základ {Zaklad}");
		Console.WriteLine("- ingredience:");
		foreach (var i in _ingredience)
		{
			Console.WriteLine($"   - {i}");
		}
	}
}</SourceCode>
        </ExampleCode>
        <ExampleCode>
          <Name>Factory Method (T)</Name>
          <SourceCode>// ******** FACTORY METHOD ********
// ********************************
// * tvořivý návrhový vzor        *
// * třídní diagram viz přednášky *
// ********************************

using System;

var creator1 = new ConcreteCreator1();
var creator2 = new ConcreteCreator2();

creator1.AnOperation();
creator2.AnOperation();


public interface IProduct 
{
	string Operation();
}

public class Product1 : IProduct
{
	public string Operation()
	{
		return "Product1.Operation()";
	}
}

public class Product2 : IProduct
{
	public string Operation()
	{
		return "Product2.Operation()";
	}
}

public abstract class Creator
{
	public abstract IProduct FactoryMethod();
	
	public void AnOperation() 
	{
		var product = FactoryMethod();		
		var result = product.Operation();
		
		Console.WriteLine($"Creator něco dělá s výsledkem {result}.");
	}
}

public class ConcreteCreator1 : Creator
{
	public override IProduct FactoryMethod()
	{
		return new Product1();
	}
}

public class ConcreteCreator2 : Creator
{
	public override IProduct FactoryMethod()
	{
		return new Product2();
	}
}</SourceCode>
        </ExampleCode>
        <ExampleCode>
          <Name>Factory (T)</Name>
          <SourceCode>// *********** FACTORY ************
// ********************************
// * tvořivý návrhový vzor        *
// ********************************

using System;

var b = SubscriptionFactory.GetSubscription(SubscriptionType.Bronze);
var s = SubscriptionFactory.GetSubscription(SubscriptionType.Silver);
var g = SubscriptionFactory.GetSubscription(SubscriptionType.Gold);

SubscriptionDetails(b);
SubscriptionDetails(s);
SubscriptionDetails(g);


void SubscriptionDetails(ISubscription s)
{
	Console.WriteLine($"Typ předplatného: {s.Subscription().ToString()}");
	Console.WriteLine($"Počet kanálů: {s.Channels()}");
	Console.WriteLine($"Zpětné přehrávání: {s.ReplayPeriod()} dní");
}

public enum SubscriptionType { Bronze, Silver, Gold }

public interface ISubscription
{
	SubscriptionType Subscription();
	int Channels();
	int ReplayPeriod();
}

public class BronzeSubscription : ISubscription
{
	public SubscriptionType Subscription() =&gt; SubscriptionType.Bronze;
	public int Channels() =&gt; 15;
	public int ReplayPeriod() =&gt; 7;
}

public class SilverSubscription : ISubscription
{
	public SubscriptionType Subscription() =&gt; SubscriptionType.Silver;
	public int Channels() =&gt; 40;
	public int ReplayPeriod() =&gt; 14;
}

public class GoldSubscription : ISubscription
{
	public SubscriptionType Subscription() =&gt; SubscriptionType.Gold;
	public int Channels() =&gt; 80;
	public int ReplayPeriod() =&gt; 28;
}

public class SubscriptionFactory
{
	public static ISubscription GetSubscription(SubscriptionType s)
	{
		switch(s) 
		{
			case SubscriptionType.Bronze:
				return new BronzeSubscription();
			break;
			case SubscriptionType.Silver:
				return new SilverSubscription();
			break;
			case SubscriptionType.Gold:
				return new GoldSubscription();
			break;
		}
		return null;
	}
}</SourceCode>
        </ExampleCode>
        <ExampleCode>
          <Name>Abstract Factory (T)</Name>
          <SourceCode>// ******* ABSTRACT FACTORY *******
// ********************************
// * tvořivý návrhový vzor        *
// * třídní diagram viz přednášky *
// ********************************

// AbstractProduct i AbstractFactory mohou být implementovány i jako interface

using System;

ClientMethod(new Factory1());
ClientMethod(new Factory2());

void ClientMethod(AbstractFactory f)
{
	var a = f.CreateProductA();
	var b = f.CreateProductB();
	
	a.OperationA();
	b.OperationB();
}

#region Produkty

public abstract class AbstractProductA
{
	public abstract void OperationA();
}

public abstract class AbstractProductB
{
	public abstract void OperationB();
}

public class ProductA1 : AbstractProductA
{
	public override void OperationA() =&gt; Console.WriteLine("ProductA1.Operation");
}

public class ProductA2 : AbstractProductA
{
	public override void OperationA() =&gt; Console.WriteLine("ProductA2.Operation");
}

public class ProductB1 : AbstractProductB
{
	public override void OperationB() =&gt; Console.WriteLine("ProductB1.Operation");
}

public class ProductB2 : AbstractProductB
{
	public override void OperationB() =&gt; Console.WriteLine("ProductB2.Operation");
}

#endregion

#region Továrny

public abstract class AbstractFactory
{
	public abstract AbstractProductA CreateProductA();
	public abstract AbstractProductB CreateProductB();
}

public class Factory1 : AbstractFactory
{
	public override AbstractProductA CreateProductA() =&gt; new ProductA1();	
	public override AbstractProductB CreateProductB() =&gt; new ProductB1();
}

public class Factory2 : AbstractFactory
{
	public override AbstractProductA CreateProductA() =&gt; new ProductA2();	
	public override AbstractProductB CreateProductB() =&gt; new ProductB2();
}

#endregion</SourceCode>
        </ExampleCode>
        <ExampleCode>
          <Name>Adapter (S)</Name>
          <SourceCode>// *********** ADAPTER ************
// ********************************
// * strukturální návrhový vzor   *
// * třídní diagram viz přednášky *
// ********************************

using System;

var target = new Target();
target.Request();

var adaptee = new Adaptee();
var adapter = new Adapter(adaptee);

adapter.Request();

// pokud bychom ve třídách Target a Adapter nedeklarovali metodu Request() jako virtual/override,
// následující volání by nevedlo k očekávanému výsledku, protože bychom pouze schovávali implementaci 
// metody Request(), pozor na to!

Target test = adapter;
test.Request();

public class Adaptee
{
	public void SpecificRequest() =&gt; Console.WriteLine("Adaptee.SpecificRequest");
}

public class Target
{
	public virtual void Request() =&gt; Console.WriteLine("Target.Request");
}

public class Adapter : Target
{
	private Adaptee _adaptee;
	
	public Adapter(Adaptee a) =&gt; _adaptee = a;
	
	public override void Request() =&gt; _adaptee.SpecificRequest();
}</SourceCode>
        </ExampleCode>
        <ExampleCode>
          <Name>Decorator (S)</Name>
          <SourceCode>// ********** DECORATOR ***********
// ********************************
// * strukturální návrhový vzor   *
// * třídní diagram viz přednášky *
// ********************************

using System;
using System.Windows.Forms;
using System.Drawing;

// v regionu "Dekorator tridy definice" najdete definice všech tříd implementujících návrhový vzor
// v regionu "MyForm definice" je definice formuláře, na který se kreslí několik podob objektu
// zkrášleného dekorátory

Application.EnableVisualStyles();
Application.Run(new MyForm());

#region Dekorator tridy definice

public abstract class AbstraktniKomponenta
{
    public abstract void NakresliSe(Graphics g, int x, int y);
}

public class Okno : AbstraktniKomponenta
{
    public override void NakresliSe(Graphics g, int x, int y)
    {
        g.FillRectangle(new SolidBrush(Color.White), x, y, 200, 140);
    }
}

public abstract class AbstraktniDekorator : AbstraktniKomponenta
{
    private AbstraktniKomponenta _komponenta = null;

    protected AbstraktniDekorator(AbstraktniKomponenta k)
    {
        _komponenta = k;
    }

    public override void NakresliSe(Graphics g, int x, int y)
    {
        _komponenta.NakresliSe(g, x, y);
    }
}

public class Ramecek : AbstraktniDekorator
{
    public Ramecek(AbstraktniKomponenta k) : base(k) { }

    public override void NakresliSe(Graphics g, int x, int y)
    {
        base.NakresliSe(g, x, y);
        g.DrawRectangle(new Pen(Color.Black), x, y, 199, 139);
        g.DrawRectangle(new Pen(Color.LightGray), x + 2, y + 2, 195, 135);
    }
}

public class Titulek : AbstraktniDekorator
{
    private string _text;   

    public Titulek(AbstraktniKomponenta k, string text) : base(k)
    {
        _text = text;
    }

    public override void NakresliSe(Graphics g, int x, int y)
    {
        base.NakresliSe(g, x, y);
        g.FillRectangle(new SolidBrush(Color.Navy), x, y - 25, 200, 25);
        g.DrawString(_text, new Font("Sans Serif", 10), new SolidBrush(Color.White), x + 20, y - 22);
    }
}

public class Smajlik : AbstraktniDekorator
{
    public Smajlik(AbstraktniKomponenta k) : base(k) { }

    public override void NakresliSe(Graphics g, int x, int y)
    {
        base.NakresliSe(g, x, y);
        g.FillEllipse(new SolidBrush(Color.Yellow), x + 70, y + 40, 60, 60);
        g.FillEllipse(new SolidBrush(Color.Black), x + 80, y + 55, 10, 10);
        g.FillEllipse(new SolidBrush(Color.Black), x + 110, y + 55, 10, 10);
        g.DrawArc(new Pen(Color.Black, 4), x + 90, y + 70, 20, 15, 0, 180);
    }
}


#endregion

#region MyForm definice

public class MyForm : Form
{
	private Button myButton;
	
	public MyForm() 
	{
		myButton = new Button();

		this.Text = "Experimental Form";
		this.Controls.Add(myButton);
		
		this.Width = 800;
		this.Height = 600;
	
		myButton.Text = "Kresli";
		myButton.Click += new EventHandler(myButton_Click);
		myButton.Location = new Point(10, 10);
	
		

	}
	
	private void myButton_Click(object sender, EventArgs e)
	{
            Graphics g = this.CreateGraphics();

            Okno o = new Okno();
            o.NakresliSe(g, 30, 60);

            AbstraktniKomponenta r = new Ramecek(o);

            AbstraktniKomponenta t = new Titulek(r, "Tohle je titulek");

            AbstraktniKomponenta x = new Titulek(o, "Tohle je taky titulek");

            t.NakresliSe(g, 30, 300);
            x.NakresliSe(g, 350, 60);

            AbstraktniKomponenta s = new Smajlik(new Titulek(new Ramecek(new Okno()), "Tohle je smajlík"));
            s.NakresliSe(g, 350, 300);
		
	}
}

#endregion</SourceCode>
        </ExampleCode>
        <ExampleCode>
          <Name>Facade - obecně (S)</Name>
          <SourceCode>// *********** FACADE *************
// * - obecný příklad podle GoF   *
// ********************************
// * strukturální návrhový vzor   *
// * třídní diagram viz přednášky *
// ********************************

using System;

var f = new Facade();

f.MethodA();
f.MethodB();


#region Subsystémy

public class SubsystemA
{
	public void DoSomething()
	{
		Console.WriteLine("- SubsystemA.DoSomething");		
	}
}

public class SubsystemB
{
	public void DoSomething()
	{
		Console.WriteLine("- SubsystemB.DoSomething");		
	}
}

public static class SubsystemC
{
	public static void DoSomething()
	{
		Console.WriteLine("- Static SubsystemC.DoSomething");		
	}
}

#endregion

#region Fasáda

public class Facade
{
	private SubsystemA _subA;
	private SubsystemB _subB;

	public Facade()
	{
		_subA = new SubsystemA();
		_subB = new SubsystemB();
	}

	public void MethodA()
	{
		Console.WriteLine("Facade.MethodA:");
		_subA.DoSomething();
		_subB.DoSomething();
		Console.WriteLine();
	}
	
	public void MethodB()
	{
		Console.WriteLine("Facade.MethodB:");
		_subA.DoSomething();
		_subB.DoSomething();
		SubsystemC.DoSomething();
		Console.WriteLine();
	}
}

#endregion</SourceCode>
        </ExampleCode>
        <ExampleCode>
          <Name>Facade - výpočet ve hře (S)</Name>
          <SourceCode>// *********** FACADE *************
// * - příklad výpočet ve hře     *
// ********************************
// * strukturální návrhový vzor   *
// * třídní diagram viz přednášky *
// ********************************

using System;

var akce = new Utok();
var vysledek = akce.Proved();

switch (vysledek)
{
	case &gt;0: Console.WriteLine($"Tvůj útok uspěl a dal jsi protivníkovi damage {vysledek} bodů.");
		break;
	case &lt;0: Console.WriteLine($"Tvůj útok selhal a protivník ti v protiútoku dal damage {Math.Abs(vysledek)} bodů.");
		break;
	case  0: Console.WriteLine($"Protivník se ubránil tvému útoku a ty jeho protiútoku.");
		break;
}


#region Subsystémy

public interface IKostka
{
	int Hod();
}

public class Kostka6 : IKostka
{
	private Random _random = new Random();
	
	public int Hod() =&gt; _random.Next(1, 7);  // spodní inkluzivní, horní exkluzivní
}

public class Kostka12 : IKostka
{
	private Random _random = new Random();
	
	public int Hod() =&gt; _random.Next(1, 13);  // spodní inkluzivní, horní exkluzivní
}

#endregion

#region Fasáda

public class Utok
{
	private IKostka _hrac = new Kostka6();
	private IKostka _protihrac = new Kostka6();
	private IKostka _damage = new Kostka12();
	
	public int Proved() 
	{
		// naházíme kostkami
		var hrac = _hrac.Hod();
		var protihrac = _protihrac.Hod();
		var damage = _damage.Hod();		
		// pokud hráč hodí víc, dá protivníkovi hozené poškození
		if (hrac &gt; protihrac) return damage;
		// pokud hráč hodí míň, dá mu protivník hozené poškození
		if (hrac &lt; protihrac) return damage * -1;
		// pokud hodí oba stejně, je to remíza a nikdo nedostane damage
		return 0;
	}
}

#endregion</SourceCode>
        </ExampleCode>
        <ExampleCode>
          <Name>Composite - obecně (S)</Name>
          <SourceCode>// ********** COMPOSITE ***********
// * - obecný příklad podle GoF   *
// ********************************
// * strukturální návrhový vzor   *
// * třídní diagram viz přednášky *
// ********************************

using System;
using System.Collections.Generic;

var koren = new Composite("koren");
var skladba1 = new Composite("skladba 1");
var skladba2 = new Composite("skladba 2");
var skladba3 = new Composite("skladba 3");

koren.Add(skladba1);

skladba1.Add(skladba2);
skladba1.Add(skladba3);

koren.Add(new Leaf("list 1"));
koren.Add(new Leaf("list 2"));

skladba1.Add(new Leaf("list 3"));

skladba2.Add(new Leaf("list 4"));
skladba2.Add(new Leaf("list 5"));

skladba3.Add(new Leaf("list 6"));
skladba3.Add(new Leaf("list 7"));

koren.Operation(1);


#region Definice prvků vzoru

public abstract class Component
{
    protected string _name;

	public Component(string name)
    {
        _name = name;
    }
    public abstract void Add(Component c);
    public abstract void Remove(Component c);
    public abstract void Operation(int depth);
}

public class Composite : Component
{
	List&lt;Component&gt; Children { get; }

	public Composite(string name) : base(name) 
	{
		Children = new List&lt;Component&gt;();
	}
	
	public override void Add(Component c)
	{
		Children.Add(c);
	}
	
	public override void Remove(Component c)
	{
		Children.Remove(c);
	}
	
    public override void Operation(int depth)
    {
        Console.WriteLine("-".PadLeft(depth) + _name);
        foreach (var c in Children)
        {
            c.Operation(depth + 2);
        }
    }	
}

public class Leaf : Component
{
	public Leaf(string name) : base(name) {}
	
	public override void Add(Component c) =&gt; throw new NotSupportedException();
	public override void Remove(Component c) =&gt; throw new NotSupportedException();
	
	public override void Operation(int depth)
	{
        Console.WriteLine("-".PadLeft(depth) + _name);
	}
}

#endregion</SourceCode>
        </ExampleCode>
        <ExampleCode>
          <Name>Composite - souborový systém (S)</Name>
          <SourceCode>// ********** COMPOSITE ***********
// * - příklad souborový systém   *
// ********************************
// * strukturální návrhový vzor   *
// * třídní diagram viz přednášky *
// ********************************

using System;
using System.Collections.Generic;


var koren = new Slozka(@"C:\");
var slozka1 = new Slozka("Data");
var slozka2 = new Slozka("Hry");
var slozka3 = new Slozka("Diplomka");
var slozka4 = new Slozka("Doom");

koren.Pridej(slozka1);
koren.Pridej(slozka2);
slozka1.Pridej(slozka3);
slozka2.Pridej(slozka4);

slozka1.Pridej(new Soubor("ukol.doc"));
slozka3.Pridej(new Soubor("diplomka01.doc"));
slozka3.Pridej(new Soubor("diplomka02.doc"));
slozka3.Pridej(new Soubor("diplomka03.doc"));

slozka4.Pridej(new Soubor("doom.exe"));

koren.Vypis();



#region definice prvků vzoru

public abstract class Polozka
{
    protected string _jmeno;

	public Polozka(string jmeno)
    {
        _jmeno = jmeno;
    }
    public abstract void Pridej(Polozka p);
    public abstract void Smaz(Polozka p);
    public abstract void Vypis(int depth);
}

public class Slozka : Polozka
{
	List&lt;Polozka&gt; Polozky { get; }

	public Slozka(string jmeno) : base(jmeno) 
	{
		Polozky = new List&lt;Polozka&gt;();
	}
	
	public override void Pridej(Polozka p)
	{
		Polozky.Add(p);
	}
	
	public override void Smaz(Polozka p)
	{
		Polozky.Remove(p);
	}
	
    public override void Vypis(int depth = 2)
    {
    	if (depth != 2) Console.Write("└─".PadLeft(depth));
        Console.WriteLine($"{_jmeno} &lt;ADR&gt;");

		foreach (var p in Polozky)
        {
            p.Vypis(depth + 2);
        }
    }	
}

public class Soubor : Polozka
{
	public Soubor(string jmeno) : base(jmeno) {}
	
	public override void Pridej(Polozka p) =&gt; throw new NotSupportedException();
	public override void Smaz(Polozka p) =&gt; throw new NotSupportedException();
	
	public override void Vypis(int depth)
	{
        Console.WriteLine("└─".PadLeft(depth) + _jmeno);
	}
}

#endregion</SourceCode>
        </ExampleCode>
        <ExampleCode>
          <Name>State - obecně (B)</Name>
          <SourceCode>// ************ STATE *************
// * - obecný příklad podle GoF   *
// ********************************
// * behaviorální návrhový vzor   *
// * třídní diagram viz přednášky *
// ********************************

using System;

var stateA = new StateA();
var stateB = new StateB();

var client = new Client(stateA);

client.ClientDoSomething();

client.ClientState = stateB;

client.ClientDoSomething();



public class Client 
{
	public State ClientState { get; set; }
	
	public Client(State s)
	{
		ClientState = s;
	}

	public void ClientDoSomething()
	{
		ClientState.DoSomething();
	}
}

public abstract class State
{
	public abstract void DoSomething();
}

public class StateA : State
{
	public override void DoSomething()
	{
		Console.WriteLine("StateA.DoSomething()");
	}
}

public class StateB : State
{
	public override void DoSomething()
	{
		Console.WriteLine("StateB.DoSomething()");
	}
}
</SourceCode>
        </ExampleCode>
        <ExampleCode>
          <Name>State - osoby v systému (B)</Name>
          <SourceCode>// ************ STATE *************
// * - příklad osoby v systému    *
// ********************************
// * behaviorální návrhový vzor   *
// * třídní diagram viz přednášky *
// ********************************

using System;


var o1 = new Osoba("Pepa", "Novák", new Junior()) { Nastup = new DateTime(2021, 5, 10) };
var o2 = new Osoba("Pepa", "Novák", new Senior()) { Nastup = new DateTime(2015, 10, 12) };
var o3 = new Osoba("Pepa", "Novák", new Guru()) { Nastup = new DateTime(2010, 1, 1) };

o1.Plat().Print();
o2.Plat().Print();
o3.Plat().Print();


void PovysZamestnance(Osoba o, PayGrade p)
{
	o.Stav = p switch
		     {
			  	PayGrade.Senior =&gt; new Senior(),
				PayGrade.Guru =&gt; new Guru(),
				_ =&gt; new Junior()
		     }; 
}


public enum PayGrade { Junior, Senior, Guru }

public class Osoba
{
	public string Jmeno { get; set; }
	public string Prijmeni { get; set; }
	public DateTime Nastup { get; set; }
	
	public State Stav { get; set; }
	
	public Osoba(string jmeno, string prijmeni, State s) 
	{
		Jmeno = jmeno;
		Prijmeni = prijmeni;
		Stav = s;
		Nastup = DateTime.Now;
	}
	
	public decimal Plat()
	{
		return Stav.Plat(Nastup);
	}
}

public abstract class State
{
	public abstract decimal Plat(DateTime nastup);
}

public class Junior : State 
{
	private const int _zaklad = 35_000;

	public override decimal Plat(DateTime nastup)
	{
		var dneska = DateTime.Now;
		var rozdil = dneska - nastup;
		var praxe = Math.Floor(rozdil.Days / 365.2422M);
		
		return _zaklad + (1000 * praxe);
	}
}

public class Senior : State 
{
	private const int _zaklad = 50_000;

	public override decimal Plat(DateTime nastup)
	{
		var dneska = DateTime.Now;
		var rozdil = dneska - nastup;
		var praxe = Math.Floor(rozdil.Days / 365.2422M);
		
		return _zaklad + (2000 * praxe);
	}
}

public class Guru : State 
{
	private const int _zaklad = 100_000;

	public override decimal Plat(DateTime nastup)
	{
		var dneska = DateTime.Now;
		var rozdil = dneska - nastup;
		var praxe = Math.Floor(rozdil.Days / 365.2422M);
		
		return _zaklad + (5000 * praxe);
	}
}</SourceCode>
        </ExampleCode>
        <ExampleCode>
          <Name>Strategy - obecně (B)</Name>
          <SourceCode>// *********** STRATEGY ***********
// * - obecný příklad podle GoF   *
// ********************************
// * behaviorální návrhový vzor   *
// * třídní diagram viz přednášky *
// ********************************

using System;

var context1 = new Context(new StrategyA());
var context2 = new Context(new StrategyB());

context1.Operation();
context2.Operation();

#region definice vzoru

public class Context
{
	private Strategy _strategy;
	
	public Context(Strategy s) =&gt; _strategy = s;
	
	public void Operation() =&gt; _strategy.Handle();
}

public abstract class Strategy
{
	public abstract void Handle();
}

public class StrategyA : Strategy
{
	public override void Handle() =&gt; Console.WriteLine("StrategyA.Handle()");
}

public class StrategyB : Strategy
{
	public override void Handle() =&gt; Console.WriteLine("StrategyB.Handle()");
}

#endregion</SourceCode>
        </ExampleCode>
        <ExampleCode>
          <Name>Strategy - ukládání dat (B)</Name>
          <SourceCode>// *********** STRATEGY ***********
// * - příklad ukládání dat       *
// *   v různých formátech        *
// ********************************
// * behaviorální návrhový vzor   *
// * třídní diagram viz přednášky *
// ********************************

using System;
using System.Text.Json;
using System.Text.RegularExpressions;
using System.Xml.Serialization;
using System.IO;

var data = new DataClass("text", 3.14, 123);

var serial1 = new ToStringSerializer(new JsonSerializationStrategy());
var serial2 = new ToStringSerializer(new XmlSerializationStrategy());

serial1.SerializeObject(data).Print();
serial2.SerializeObject(data).Print();


public class DataClass
{
	public string TextData { get; set; }
	public double DoubleData { get; set; }
	public int IntegerData { get; set; }
	
	public DataClass() {}
	
	public DataClass(string t, double d, int i)
	{
		TextData = t;
		DoubleData = d;
		IntegerData = i;
	}
}

public class ToStringSerializer
{
	private SerializationStrategy _strategy;
	
	public ToStringSerializer(SerializationStrategy s) =&gt; _strategy = s;
	
	public string SerializeObject(object obj)
	{
		return _strategy.Serialize(obj);
	}
}

public abstract class SerializationStrategy
{
	public abstract string Serialize(object obj);
}

public class JsonSerializationStrategy : SerializationStrategy
{
	public override string Serialize(object obj)
	{
		return JsonSerializer.Serialize(obj, new JsonSerializerOptions { WriteIndented = true, IncludeFields = true });		
	}
}

public class XmlSerializationStrategy : SerializationStrategy
{
	public override string Serialize(object obj)
	{
		using(var writer = new StringWriter()) 
		{
			var x = new XmlSerializer(obj.GetType());
			x.Serialize(writer, obj);
			return writer.ToString();
		}
	}
}

</SourceCode>
        </ExampleCode>
      </Children>
    </ExampleTreeNode>
  </Nodes>
</ExampleTree>