<?xml version="1.0" encoding="utf-8"?>
<ExampleTree xmlns:xsi="http://www.w3.org/2001/XMLSchema-instance" xmlns:xsd="http://www.w3.org/2001/XMLSchema">
  <Name>Příklady</Name>
  <Editable>true</Editable>
  <Nodes>
    <ExampleTreeNode>
      <Name>Přednáška 1</Name>
      <Children>
        <ExampleCode>
          <Name>Příkazy a výrazy</Name>
          <SourceCode>int x = 15;
int y = x * 20;

System.Console.WriteLine(x);
System.Console.WriteLine(y);
                    </SourceCode>
        </ExampleCode>
        <ExampleCode>
          <Name>Typy a aliasy</Name>
          <SourceCode>using System;

int x = 15;
System.Int32 y = 15;

x.Dump();
y.Dump();
                    </SourceCode>
        </ExampleCode>
        <ExampleCode>
          <Name>Zápis čísel</Name>
          <SourceCode>int x = 127;
x.Dump();

long y = 0x7F;
y.Dump();

int milion = 1_000_000;
milion.Dump();

int bin = 0b0111_1111;
bin.Dump();

//inference (odvození) typu z literálu
1.0.Dump();
1.5E6.Dump();
1.Dump();
0xF0ABCD01.Dump();
0x100000000000.Dump();
                    </SourceCode>
        </ExampleCode>
        <ExampleCode>
          <Name>Typové konverze</Name>
          <SourceCode>// celá čísla
int x = 12345;
long y = x;  // implicitně
short z = (short)x; // explicitně

x.Dump();
y.Dump();
z.Dump();

//desetinná čísla
int i = 1;
float f = i;

i.Dump();
f.Dump();

int i2 = (int)f;

i2.Dump();

// velká celá čísla
int vi1 = 100000001;
float vf = vi1;
int vi2 = (int)vf;

vi1.Dump();
vf.Dump();
vi2.Dump();
                    </SourceCode>
        </ExampleCode>
        <ExampleCode>
          <Name>Hodnotový typ</Name>
          <SourceCode>// hodnotový typ
Bod b1 = new Bod();

b1.X = 7;

Bod b2 = b1; 
System.Console.WriteLine (b1.X); // 7
System.Console.WriteLine (b2.X); // 7

b1.X = 9; 
System.Console.WriteLine (b1.X); // 9
System.Console.WriteLine (b2.X); // 7

public struct Bod{ public int X, Y; }
                    </SourceCode>
        </ExampleCode>
        <ExampleCode>
          <Name>Referenční typ</Name>
          <SourceCode>// referenční typ
Bod b1 = new Bod();

b1.X = 7;

Bod b2 = b1; 
System.Console.WriteLine (b1.X); // 7
System.Console.WriteLine (b2.X); // 7

b1.X = 9; 
System.Console.WriteLine (b1.X); // 9
System.Console.WriteLine (b2.X); // 9

public class Bod{ public int X, Y; }
                    </SourceCode>
        </ExampleCode>
        <ExampleCode>
          <Name>Switch klasicky</Name>
          <SourceCode>using System;

int znamka = 3;

switch (znamka)
{
    case 1: Console.WriteLine(""Výborně""); break;
    case 2: Console.WriteLine(""Velmi dobře""); break;
    case 3: Console.WriteLine(""Dobře""); break;
    case 4: Console.WriteLine(""Nevyhověl""); break;
    case -1: goto case 4;
    default: Console.WriteLine(""Neplatná hodnota""); break;
}                      
                    </SourceCode>
        </ExampleCode>
        <ExampleCode>
          <Name>Switch hodnotově</Name>
          <SourceCode>using System;

int znamka = 3;

string vysledek = znamka switch
{
    1 =&gt; "Výborně",
    2 =&gt; "Velmi dobře",
    3 =&gt; "Dobře",
    4 =&gt; "Nevyhověl",
    _ =&gt; "Neznámá hodnota"
};

vysledek.Dump();
                    </SourceCode>
        </ExampleCode>
      </Children>
    </ExampleTreeNode>
    <ExampleTreeNode>
      <Name>Přednáška 2</Name>
      <Children>
        <ExampleCode>
          <Name>Zaokrouhlovací chyba</Name>
          <SourceCode>double x = 1.0 / 6.0;
x.Print();

double suma1 = x + x + x + x + x + x;
suma1.Print();

(1 == suma1).Print();

decimal d = 1.0M / 6.0M;
d.Print();

decimal suma2 = d + d + d + d + d + d;
suma2.Print();

(1 == suma2).Print();                        
                    </SourceCode>
        </ExampleCode>
        <ExampleCode>
          <Name>Stringy</Name>
          <SourceCode>string s1 = "c:\\adresar\\soubor.cs";
s1.Print();

string s2 = @"c:\adresar\soubor.cs";
s2.Print();

int x = 60;
string s3 = $"Hodina má {x} minut.";
s3.Print();
                    </SourceCode>
        </ExampleCode>
        <ExampleCode>
          <Name>Ternární podmínkový operátor</Name>
          <SourceCode>Minimum(10, 5).Print();

int Minimum(int a, int b) 
{
    return (a &lt; b) ? a : b;
}
                    </SourceCode>
        </ExampleCode>
        <ExampleCode>
          <Name>Třída - konstruktor a dekonstruktor</Name>
          <SourceCode>using System;

Osoba o1 = new Osoba();
o1.Dump();

Osoba o2 = new Osoba("Karel", "Vomáčka", "Kladno");
o2.Dump();

var (jmeno, prijmeni, _) = o2;

jmeno.Print();
prijmeni.Print();


public class Osoba
{
    private string _jmeno;   // nutne pro klasickou definici

    public string Jmeno      // definovana klasicky
    {
        set { _jmeno = value; }   // set =&gt; _jmeno = value;
        get { return _jmeno; }    // get =&gt; _jmeno;
    }

    public string Prijmeni { get; set; }   // zjednodusena definice
    
    public string Adresa { get; set; } = "Praha";  // zjednodusena definice s     
                                                    // inicializaci – od C# 6.0

    public Osoba()
    {
        Jmeno = "Pepa";
        Prijmeni = "Novák";
    }
    
    public Osoba(string jmeno, string prijmeni, string adresa) 
    {
        Jmeno = jmeno;
        Prijmeni = prijmeni;
        Adresa = adresa;
    }
    
    public void Deconstruct(out string jmeno, out string prijmeni, out string adresa) 
    {
        jmeno = Jmeno;
        prijmeni = Prijmeni;
        adresa = Adresa;
    }
    
    public void JakSeJmenujes() 
    {
        Console.WriteLine($"{Jmeno} {Prijmeni}");
    }
}                        
                    </SourceCode>
        </ExampleCode>
        <ExampleCode>
          <Name>Statická třída</Name>
          <SourceCode>Staticka.Pozdrav();


public static class Staticka
{
    public static void Pozdrav() 
    {
        System.Console.WriteLine("Ahoj!");
    }
}
                    </SourceCode>
        </ExampleCode>
      </Children>
    </ExampleTreeNode>
    <ExampleTreeNode>
      <Name>Přednáška 3</Name>
      <Children>
        <ExampleCode>
          <Name>Dědění</Name>
          <SourceCode>Osoba o = new Osoba() { Jmeno = "Pepa", Prijmeni = "Novák" };
o.JaJsem().Print();

Student s = new Student() { Jmeno = "Karel", Prijmeni = "Vomáčka", Obor = "Info" };
s.JaJsem().Print();
s.JaStuduji().Print();

public class Osoba 
{
	public string Jmeno { get; set; }
	public string Prijmeni { get; set; }
	
	public Osoba()
	{
	}
	
	public string JaJsem() 
	{
		return $"Já jsem osoba {Jmeno} {Prijmeni}";
	}
}

public class Student : Osoba 
{
	public string Obor { get; set; }
	
	public Student()
	{
	}
	
	public string JaStuduji()
	{
		return $"Já jsem student {Jmeno} {Prijmeni} z oboru {Obor}";
	}
}</SourceCode>
        </ExampleCode>
        <ExampleCode>
          <Name>Přebíjení a schovávání</Name>
          <SourceCode>using System;
	
Nadtyp n = new Nadtyp();
Podtyp p = new Podtyp();

n.MetodaA();
n.MetodaB();
p.MetodaA();
p.MetodaB();

Nadtyp x = p;

x.MetodaA();
x.MetodaB();  // pozor, díky statické vazbě x nezná implementaci z typu Podtyp!

public class Nadtyp
{
	public virtual void MetodaA()
	{
		Console.WriteLine("Nadtyp -&gt; MetodaA");
	}
	
	public void MetodaB()
	{
		Console.WriteLine("Nadtyp -&gt; MetodaB");
	}
}

public class Podtyp : Nadtyp
{
	public override void MetodaA()  // přebíjení
	{
		Console.WriteLine("Podtyp -&gt; MetodaA");
	}
	
	public void MetodaB()  // nechtěné schovávání
	{
		Console.WriteLine("Podtyp -&gt; MetodaB");
	}
}</SourceCode>
        </ExampleCode>
        <ExampleCode>
          <Name>Upcasting, downcasting, operátor as</Name>
          <SourceCode>Osoba o = new Osoba() { Jmeno = "Pepa", Prijmeni = "Novák" };
Student s = new Student() { Jmeno = "Karel", Prijmeni = "Vomáčka", Obor = "Info" };
Ucitel u = new Ucitel() { Jmeno = "Karel", Prijmeni = "Prijmeni", Kancelar = "E123" };

Osoba x = s;  // upcasting/nadtypování

x.JaJsem().Print();
//x.JaStuduji().Print(); // nejde použít, protože jsme omezeni protokolem nadtypu

// pokud víme, že objekt je daného typu, můžeme provést downcasting
((Student)x).JaStuduji().Print();

Student y = x as Student;  // downcasting pomocí operátoru as
y.GetType().Print();

x = u; // vyměníme instanci studenta za instanci učitele v x

// pokusíme se o downcast x (Osoba) na typ Student, ale v x je reference na instanci Ucitel
Student z = x as Student;
((z == null) ? "NULL" : z.GetType().Name).Print();

public class Osoba 
{
	public string Jmeno { get; set; }
	public string Prijmeni { get; set; }
	
	public Osoba()
	{
	}
	
	public string JaJsem() 
	{
		return $"Já jsem osoba {Jmeno} {Prijmeni}";
	}
}

public class Student : Osoba 
{
	public string Obor { get; set; }
	
	public Student()
	{
	}
	
	public string JaStuduji()
	{
		return $"Já jsem student {Jmeno} {Prijmeni} z oboru {Obor}";
	}
}

public class Ucitel : Osoba
{
	public string Kancelar { get; set; }
	
	public Ucitel()
	{
	}
	
	public string JaSedim()
	{
		return $"Já jsem učitel {Jmeno} {Prijmeni} a sedím v kanceláři {Kancelar}";
	}	
}</SourceCode>
        </ExampleCode>
        <ExampleCode>
          <Name>Operátor is</Name>
          <SourceCode>using System;
	
Trida t = new Trida();
JinaTrida j = new JinaTrida();

VolejTridu(t);
VolejTridu(j);

VolejTridu2(t);
VolejTridu2(j);


void VolejTridu(object o) 
{
	if (o is Trida) // type pattern
	{
		Console.Write("Je to třída Trida! :) Volám... ");
		((Trida)o).Metoda();
	}
	else
	{
		Console.WriteLine("Není to třída Trida :(");
	}
}

void VolejTridu2(object o) 
{
	if (o is Trida t) // type pattern s proměnnou
	{
		Console.Write("Je to třída Trida! :) Volám... ");
		t.Metoda();
	}
	else
	{
		Console.WriteLine("Není to třída Trida :(");
	}
}

public class Trida
{
	public void Metoda()
	{
		Console.WriteLine("Metoda třídy Trida");
	}
}

public class JinaTrida
{
	public void JinaMetoda()
	{
		Console.WriteLine("Jiná metoda třídy JinaTrida");
	}
}</SourceCode>
        </ExampleCode>
        <ExampleCode>
          <Name>Reference this a base</Name>
          <SourceCode>Trida t = new Trida("a", "b");
t.Inspect();

Podtrida p = new Podtrida("a", "b", "c");
p.Dump();

public class Trida
{
   public string Vlastnost { get; set; }
   protected string policko;
   
   public Trida(string policko) 
   {
		this.policko = policko;
   }
   
   public Trida(string policko, string vlastnost) : this(policko)
   {
		   Vlastnost = vlastnost;
   }
}

public class Podtrida : Trida
{
	public string DalsiVlastnost { get; set; }
	
	public Podtrida(string policko, string vlastnost, string dalsiVlastnost) : base (policko, vlastnost)
	{
		DalsiVlastnost = dalsiVlastnost;
	}
}</SourceCode>
        </ExampleCode>
        <ExampleCode>
          <Name>Typ object, boxing a unboxing</Name>
          <SourceCode>int x = 10;
object o = x;

x = 20;  // změna hodnoty x nezmění hodnotu zabalenou v objektu o

int y = (int)o;  // unboxing

y.Dump();
x.Dump();

object o2 = 3.5;

double d = (double)o2;  // unboxing
d.Dump();

int z = (int)(double)o2;  // (double) je unboxing a (int) je typová konverze už rozbaleného double
z.Dump();</SourceCode>
        </ExampleCode>
        <ExampleCode>
          <Name>Abstraktní třída</Name>
          <SourceCode>using System;
	
Ctverec c = new Ctverec() { A = 5 };
Obdelnik o = new Obdelnik() { A = 5, B = 7 };
Kruh k = new Kruh() { R = 3 };

c.Obvod().Print();
c.Obsah().Print();

o.Obvod().Print();
o.Obsah().Print();

k.Obvod().Print();
k.Obsah().Print();

// pole typu abstraktní třídy, lze uložit instance všech podtříd a volat vše,
// co abstraktní třída definuje
Utvar[] utvary = { c, o, k };

foreach (var u in utvary) 
{
	u.GetType().Name.Print();
	u.Obvod().Print();
	u.Obsah().Print();
}

public abstract class Utvar
{
	public abstract double Obvod();
	public abstract double Obsah();
}

public class Ctverec : Utvar
{
	public int A { get; set; }
	
	public override double Obvod()
	{
		return 4 * A;
	}
	
	public override double Obsah()
	{
		return A * A;
	}
}

public class Obdelnik : Utvar
{
	public int A { get; set; }
	public int B { get; set; }

	public override double Obvod()
	{
		return 2 * (A + B);
	}
	
	public override double Obsah()
	{
		return A * B;
	}
}

public class Kruh : Utvar
{
	public int R { get; set; }

	public override double Obvod()
	{
		return 2 * Math.PI * R;
	}
	
	public override double Obsah()
	{
		return Math.PI * (R * R);
	}
}</SourceCode>
        </ExampleCode>
        <ExampleCode>
          <Name>Interface</Name>
          <SourceCode>TridaA a = new TridaA() { Jmeno = "Karel" };
TridaB b = new TridaB() { Jmeno = "Petr" };
TridaC c = new TridaC() { Jmeno = "Honza" };

a.Jmeno.Print();
b.Jmeno.Print();
c.Jmeno.Print();

IRenamable[] jmena = { a, b, c };

foreach(var j in jmena)
{
	j.Rename("Gogo");
}

a.Jmeno.Print();
b.Jmeno.Print();
c.Jmeno.Print();

public interface IRenamable
{
	void Rename(string newName);
}

public class TridaA : IRenamable
{
	public string Jmeno { get; set; }
	
	public void Rename(string s)
	{
		Jmeno = s;
	}
}

public class TridaB : IRenamable
{
	public string Jmeno { get; set; }
	
	public void Rename(string s)
	{
		Jmeno = s;
	}
}

public class TridaC : IRenamable
{
	public string Jmeno { get; set; }
	
	public void Rename(string s)
	{
		Jmeno = s;
	}
}</SourceCode>
        </ExampleCode>
        <ExampleCode>
          <Name>Delegate</Name>
          <SourceCode>using System;
	
TridaA a = new TridaA();
TridaB b = new TridaB();
TridaC c = new TridaC();

a.Volani();

"*********".Print();

a.Volani += new Metoda(b.MetodaB);
a.Volani += new Metoda(c.MetodaC);
a.Volani();

"*********".Print();

a.Volani += new Metoda(TridaD.MetodaD);
a.Volani();

"*********".Print();

a.Volani -= new Metoda(b.MetodaB);
a.Volani();

public delegate void Metoda();  // definice delegata jako typu

public class TridaA
{
	public Metoda Volani { get; set; } = null;

	public TridaA()
	{
		Volani += new Metoda(MetodaA);
	}

	public void MetodaA()
	{
		Console.WriteLine("MetodaA instance třídy A");
	}
}

public class TridaB
{
	public void MetodaB()
	{
		Console.WriteLine("MetodaB instance třídy B");
	}
}

public class TridaC
{
	public void MetodaC()
	{
		Console.WriteLine("MetodaC instance třídy C");
	}
}

public static class TridaD
{
	public static void MetodaD()
	{
		Console.WriteLine("Statická MetodaD statické třídy D");
	}
}</SourceCode>
        </ExampleCode>
      </Children>
    </ExampleTreeNode>
    <ExampleTreeNode>
      <Name>Přednáška 4</Name>
      <Children>
        <ExampleCode>
          <Name>Výjimky</Name>
          <SourceCode>using System;

int delenec = 10;
int delitel = 0;

int vysledek;

// vysledek = delenec / delitel; // spadne s DivideByZeroException

try
{
	vysledek = delenec / delitel;
}
catch(Exception e)
{
	Console.WriteLine($"Byla chycena výjimka {e}");
}

try
{
	vysledek = delenec / delitel;
}
catch(Exception e)
{
	Console.WriteLine($"Byla chycena výjimka {e}");
}
finally
{
	Console.WriteLine("A finally nakonec...");
}</SourceCode>
        </ExampleCode>
        <ExampleCode>
          <Name>Vlastní výjimková třída</Name>
          <SourceCode>using System;

Metoda(3);

void Metoda(int x)
{
	if (x &gt; 4) throw new MyException("Ať tě ani nenapadne sem strkat číslo větší než 4!");
	else
	Console.WriteLine($"Číslo {x} je cajk.");
}

class MyException : Exception
{
	public MyException() : base() {}
	public MyException(string message) : base(message) {}
}</SourceCode>
        </ExampleCode>
        <ExampleCode>
          <Name>Příkaz using</Name>
          <SourceCode>using System;
using System.IO;


MetodaTryFinally();

MetodaUsing();




void MetodaTryFinally()
{
	StreamReader reader = null;
	try
	{
		reader = File.OpenText("sources.xml");
		if (reader.EndOfStream) return;
		Console.WriteLine (reader.ReadToEnd());
	}
	finally
	{
		reader?.Dispose();
	}
}

void MetodaUsing()
{
	using (StreamReader reader = File.OpenText("sources.xml"))
	{
		Console.WriteLine(reader.ReadToEnd());
	}
}</SourceCode>
        </ExampleCode>
        <ExampleCode>
          <Name>Výčtový typ enum</Name>
          <SourceCode>Hraci zohy = Hraci.Zohorna;
zohy.Print();

byte cislo = (byte)zohy;
cislo.Print();

Hraci frodo = (Hraci)43;
frodo.Print();

((int)Smer.Vlevo).Print();
((int)Smer.Vpravo).Print();
((int)Smer.Nahoru).Print();
((int)Smer.Dolu).Print();

enum Smer { Vlevo, Vpravo, Nahoru, Dolu }

enum Hraci : byte { Frodl = 43, Kostalek = 33, Poulicek = 44, Zohorna = 79 }</SourceCode>
        </ExampleCode>
        <ExampleCode>
          <Name>Generický typ - binární strom</Name>
          <SourceCode>using System;

"Strom s integery:".Print();
UzelStromu&lt;int&gt; stromInt = new UzelStromu&lt;int&gt;(4);
stromInt.Pridej(3);
stromInt.Pridej(-3);
stromInt.Pridej(5);
stromInt.Pridej(2);
stromInt.Pridej(0);

stromInt.Projdi();

" ".Print();
"Strom se stringy:".Print();
UzelStromu&lt;string&gt; stromString = new UzelStromu&lt;string&gt;("kvák");
stromString.Pridej("ahoj");
stromString.Pridej("žbrblňk");
stromString.Pridej("čau");
stromString.Pridej("píp");
stromString.Pridej("bác");
stromString.Pridej("frk");

stromString.Projdi();


class UzelStromu&lt;T&gt; where T : IComparable&lt;T&gt;
{
	public T Hodnota { get; set; }
	public UzelStromu&lt;T&gt; LevyStrom { get; set; } = null;
	public UzelStromu&lt;T&gt; PravyStrom { get; set; } = null;
	
	public UzelStromu(T nova) 
	{
		Hodnota = nova;
	}
	
	public void Pridej(T nova)
	{
		if (Hodnota.CompareTo(nova) &gt; 0)
		{
			// vlevo
			if (LevyStrom == null) 
				LevyStrom = new UzelStromu&lt;T&gt;(nova);
				else
				LevyStrom.Pridej(nova);
		}
		else
		{
			// vpravo
			if (PravyStrom == null)
				PravyStrom = new UzelStromu&lt;T&gt;(nova);
				else
				PravyStrom.Pridej(nova);
		}
	}
	
	public void Projdi() 
	{
		LevyStrom?.Projdi();
		Console.WriteLine(Hodnota.ToString());
		PravyStrom?.Projdi();
	}
}
</SourceCode>
        </ExampleCode>
        <ExampleCode>
          <Name>Generická metoda</Name>
          <SourceCode>int[] cisla = { 1, 2, 3, 4 };
cisla.Dump();

Pomocne.UpravHodnoty(cisla, NaDruhou);
cisla.Dump();

Pomocne.UpravHodnoty(cisla, KratDve);
cisla.Dump();


int NaDruhou(int x) =&gt; x * x;
int KratDve(int x) =&gt; x * 2;

delegate T Transformace&lt;T&gt;(T parametr);

static class Pomocne
{
	public static void UpravHodnoty&lt;T&gt;(T[] pole, Transformace&lt;T&gt; t) 
	{
		for (int i = 0; i &lt; pole.Length; i++)
		{
			pole[i] = t(pole[i]);
		}
	}
}</SourceCode>
        </ExampleCode>
        <ExampleCode>
          <Name>Generický delegát</Name>
          <SourceCode>GenerickyDelegat&lt;int&gt; delegat = NaDruhou;

delegat(10).Print();


// definice volané metody a delegáta

int NaDruhou(int x) =&gt; x * x;

delegate T GenerickyDelegat&lt;T&gt; (T parametr);

</SourceCode>
        </ExampleCode>
        <ExampleCode>
          <Name>Generické delegáty func a action</Name>
          <SourceCode>using System; // Func a Action jsou definovány v namespace System

"Volání přímo:".Print();
// volání přímo
MetodaInt(10).Print();
MetodaVoid(10);

"Volání delegáty:".Print();
// definice delegátských proměnných
Func&lt;int, int&gt; delegatInt = MetodaInt;
Action&lt;int&gt; delegatVoid = MetodaVoid;

//volání delegáty
delegatInt(10).Print();
delegatVoid(10);


int MetodaInt (int x) =&gt; x + 10;

void MetodaVoid (int x) =&gt; Console.WriteLine(x);</SourceCode>
        </ExampleCode>
        <ExampleCode>
          <Name>Operátory ?. a ?[]</Name>
          <SourceCode>int[] pole = null;

//pole.Length.Print();
pole?.Length.Print();

//pole[0].Print();
pole?[0].Print();</SourceCode>
        </ExampleCode>
        <ExampleCode>
          <Name>Operátory ?? a ??=</Name>
          <SourceCode>Person p = new Person() { Name = "Joe", Surname = "Initialized" };
p = null;

(p ?? new Person() { Name = "Joe", Surname = "Default" }).Dump();

(p is null).Dump();

(p ??=  new Person() { Name = "Joe", Surname = "Default2" }).Dump();

(p is null).Dump();

class Person
{
	public string Name { get; set; }
	public string Surname { get; set; }
}</SourceCode>
        </ExampleCode>
      </Children>
    </ExampleTreeNode>
    <ExampleTreeNode>
      <Name>Přednáška 5</Name>
      <Children>
        <ExampleCode>
          <Name>IEnumerable</Name>
          <SourceCode>using System.Collections;

var a = new HlaskovaciAbeceda();

foreach(var x in a) x.Print();


public class HlaskovaciAbeceda : IEnumerable
{
	string[] abeceda = { "alpha", "bravo", "charlie", "delta", "echo", "foxtrot", "golf", "hotel", "india", 
	                      "juliet", "kilo", "lima", "mike", "november", "oscar", "papa", "quebec", "romeo", 
	                      "sierra", "tango", "uniform", "victor", "whiskey", "x-ray", "yankee", "zulu" };
	                      
	public IEnumerator GetEnumerator() 
	{
		foreach (var p in abeceda)
			yield return p;
	}	
}</SourceCode>
        </ExampleCode>
        <ExampleCode>
          <Name>IEnumerable&lt;T&gt;</Name>
          <SourceCode>using System.Collections;
using System.Collections.Generic;

var a = new HlaskovaciAbeceda();

foreach(var x in a) x.Print();


public class HlaskovaciAbeceda : IEnumerable&lt;string&gt;
{
	string[] abeceda = { "alpha", "bravo", "charlie", "delta", "echo", "foxtrot", "golf", "hotel", "india", 
	                      "juliet", "kilo", "lima", "mike", "november", "oscar", "papa", "quebec", "romeo", 
	                      "sierra", "tango", "uniform", "victor", "whiskey", "x-ray", "yankee", "zulu" };
	                      
	public IEnumerator&lt;string&gt; GetEnumerator() 
	{
		foreach (var p in abeceda)
			yield return p;
	}	
	
	IEnumerator IEnumerable.GetEnumerator() =&gt; GetEnumerator();
}</SourceCode>
        </ExampleCode>
        <ExampleCode>
          <Name>Enumerátor pomocí iterátoru</Name>
          <SourceCode>using System.Collections;
using System.Collections.Generic;

var a = new HlaskovaciAbeceda();

foreach(var x in a) x.Print();


public class HlaskovaciAbeceda : IEnumerable&lt;string&gt;
{
                      
	public IEnumerator&lt;string&gt; GetEnumerator() 
	{
		yield return "alpha";
		yield return "bravo";
		yield return "charlie";
		yield return "delta"; 
		yield return "echo"; 
		yield return "foxtrot"; 
		yield return "golf";
		yield return "hotel";
		yield return "india"; 
	    yield return "juliet";
	    yield return "kilo";
	    yield return "lima";
	    yield return "mike";
	    yield return "november";
	    yield return "oscar";
	    yield return "papa";
	    yield return "quebec";
	    yield return "romeo"; 
	    yield return "sierra"; 
	    yield return "tango"; 
	    yield return "uniform"; 
	    yield return "victor"; 
	    yield return "whiskey"; 
	    yield return "x-ray"; 
	    yield return "yankee"; 
	    yield return "zulu";
	}	
	
	IEnumerator IEnumerable.GetEnumerator() =&gt; GetEnumerator();
}</SourceCode>
        </ExampleCode>
        <ExampleCode>
          <Name>Metoda vracející IEnumerable&lt;T&gt;</Name>
          <SourceCode>using System.Collections;
using System.Collections.Generic;

foreach (var x in HlaskovaciAbeceda.Hlasky()) x.Print();


public class HlaskovaciAbeceda
{
                      
	public static IEnumerable&lt;string&gt; Hlasky()
	{
		yield return "alpha";
		yield return "bravo";
		yield return "charlie";
		yield return "delta"; 
		yield return "echo"; 
		yield return "foxtrot"; 
		yield return "golf";
		yield return "hotel";
		yield return "india"; 
	    yield return "juliet";
	    yield return "kilo";
	    yield return "lima";
	    yield return "mike";
	    yield return "november";
	    yield return "oscar";
	    yield return "papa";
	    yield return "quebec";
	    yield return "romeo"; 
	    yield return "sierra"; 
	    yield return "tango"; 
	    yield return "uniform"; 
	    yield return "victor"; 
	    yield return "whiskey"; 
	    yield return "x-ray"; 
	    yield return "yankee"; 
	    yield return "zulu";
	}	
}</SourceCode>
        </ExampleCode>
        <ExampleCode>
          <Name>Binární strom - rozšíření o IEnumerable&lt;T&gt;</Name>
          <SourceCode>using System;
using System.Linq;
using System.Collections;
using System.Collections.Generic;


UzelStromu&lt;int&gt; stromInt = new UzelStromu&lt;int&gt;(4);
stromInt.Pridej(3);
stromInt.Pridej(-3);
stromInt.Pridej(5);
stromInt.Pridej(2);
stromInt.Pridej(0);

UzelStromu&lt;string&gt; stromString = new UzelStromu&lt;string&gt;("kvák");
stromString.Pridej("ahoj");
stromString.Pridej("žbrblňk");
stromString.Pridej("čau");
stromString.Pridej("píp");
stromString.Pridej("bác");
stromString.Pridej("frk");

"Strom s integery".Print();
foreach (var x in stromInt) x.Print();

" ".Print();
"Strom se stringy".Print();
foreach (var x in stromString) x.Print();

" ".Print();

var y = from s in stromString where s.CompareTo("c") &gt; 0 select s;

foreach (var x in y) x.Print();


class UzelStromu&lt;T&gt; : IEnumerable&lt;T&gt; where T : IComparable&lt;T&gt;
{
	public T Hodnota { get; set; }
	public UzelStromu&lt;T&gt; LevyStrom { get; set; } = null;
	public UzelStromu&lt;T&gt; PravyStrom { get; set; } = null;
	
	public UzelStromu(T nova) 
	{
		Hodnota = nova;
	}
	
	public void Pridej(T nova)
	{
		if (Hodnota.CompareTo(nova) &gt; 0)
		{
			// vlevo
			if (LevyStrom == null) 
				LevyStrom = new UzelStromu&lt;T&gt;(nova);
				else
				LevyStrom.Pridej(nova);
		}
		else
		{
			// vpravo
			if (PravyStrom == null)
				PravyStrom = new UzelStromu&lt;T&gt;(nova);
				else
				PravyStrom.Pridej(nova);
		}
	}
	
	public void Projdi() 
	{
		LevyStrom?.Projdi();
		Console.WriteLine(Hodnota.ToString());
		PravyStrom?.Projdi();
	}
	
    public IEnumerator&lt;T&gt; GetEnumerator()
    {
        if (LevyStrom != null)
            foreach (var h in LevyStrom) yield return h;

        yield return Hodnota;

        if (PravyStrom != null)
            foreach (var h in PravyStrom) yield return h;
    }

    IEnumerator IEnumerable.GetEnumerator() =&gt; GetEnumerator();	
	
}
</SourceCode>
        </ExampleCode>
        <ExampleCode>
          <Name>IComparable&lt;T&gt;</Name>
          <SourceCode>using System;

var o1 = new Obdelnik(5, 4);
var o2 = new Obdelnik(4, 4);
var o3 = new Obdelnik(4, 5);

(o1.CompareTo(o2)).Print();
(o1.CompareTo(o3)).Print();
(o2.CompareTo(o3)).Print();

public class Obdelnik : IComparable&lt;Obdelnik&gt;
{
    public int A { get; set; }
    public int B { get; set; }

    public Obdelnik(int a, int b)
    {
        A = a;
        B = b;
    }

    public int Obsah() =&gt; A * B;

    public int CompareTo(Obdelnik? other)
    {
        if (other == null) return 1;
        if (Obsah() &gt; other.Obsah()) return 1;
        if (Obsah() &lt; other.Obsah()) return -1;
        return 0;
    }
}</SourceCode>
        </ExampleCode>
        <ExampleCode>
          <Name>Přetížení porovnávacích operátorů</Name>
          <SourceCode>using System;

var o1 = new Obdelnik(5, 4);
var o2 = new Obdelnik(4, 4);
var o3 = new Obdelnik(4, 5);
Obdelnik o4 = null;

"CompareTo".Print();
(o1.CompareTo(o2)).Print("o1 a o2");
(o1.CompareTo(o3)).Print("o1 a o3");
(o2.CompareTo(o3)).Print("o2 a o3");

" ".Print();
"Test == a != s null".Print();
(o4 == null).Print("o4 == null");
(o4 != null).Print("o4 != null");
(o1 == null).Print("o1 == null");

" ".Print();
"Přetížení porovnávacích operátorů".Print();
(o1 &gt; o2).Print("o1 &gt; o2");
(o1 &lt; o2).Print("o1 &lt; o2");
(o1 &gt;= o2).Print("o1 &gt;= o2");
(o1 &lt;= o2).Print("o1 &lt;= o2");
(o1 == o2).Print("o1 == o2");
(o1 != o2).Print("o1 != o2");
(o1 == o3).Print("o1 == o3");

" ".Print();
"Přetížení equals()".Print();
(o1.Equals(o3)).Print("o1 equals o3");


public class Obdelnik : IComparable&lt;Obdelnik&gt;
{
    public int A { get; set; }
    public int B { get; set; }

    public Obdelnik(int a, int b)
    {
        A = a;
        B = b;
    }

    public int Obsah() =&gt; A * B;

    public int CompareTo(Obdelnik? other)
    {
        if (other == null) return 1;
        if (Obsah() &gt; other.Obsah()) return 1;
        if (Obsah() &lt; other.Obsah()) return -1;
        return 0;
    }

    public static bool operator == (Obdelnik o1, Obdelnik o2)
    {
        if (o2 is null) return (o1 is null);
        return (o1.CompareTo(o2) == 0);
    }

    public static bool operator != (Obdelnik o1, Obdelnik o2)
    {
        if (o2 is null) return (o1 is not null);
        return (o1.CompareTo(o2) == 0);
    }
    
    public static bool operator &gt; (Obdelnik o1, Obdelnik o2)
    {
        if (o1 is null) return false;
        return (o1.CompareTo(o2) &gt; 0);
    }
    

    public static bool operator &lt; (Obdelnik o1, Obdelnik o2)
    {
        if (o1 is null) return false;
        return (o1.CompareTo(o2) &lt; 0);
    }

    public static bool operator &gt;= (Obdelnik o1, Obdelnik o2)
    {
        if (o1 is null) return false;
        return (o1.CompareTo(o2) &gt;= 0);
    }
    

    public static bool operator &lt;= (Obdelnik o1, Obdelnik o2)
    {
        if (o1 is null) return false;
        return (o1.CompareTo(o2) &lt;= 0);
    }


	public override bool Equals(object obj)
    {
    	if (obj is Obdelnik o)
    		return (this.A == o.A &amp;&amp; this.B == o.B);
    }
}</SourceCode>
        </ExampleCode>
        <ExampleCode>
          <Name>Komplexní číslo - přetížení operátorů</Name>
          <SourceCode>using System;

var k1 = new Komplexni(1, 2);
var k2 = new Komplexni(1, -1);
var k3 = new Komplexni(3, 4);
var k4 = new Komplexni(2, -5);
var k5 = new Komplexni(2, -1);
var k6 = new Komplexni(0, 1);
var k7 = new Komplexni(6, -5);
var k8 = new Komplexni(-4, -1);

k1.Print();
k2.Print();
k3.Print();
k4.Print();
k5.Print();
k6.Print();
k7.Print();
k8.Print();

(k1-k2).Print(k1 + " - " + k2);
(k3/k4).Print(k3 + " / " + k4);
(k5/k6).Print(k5 + " / " + k6);
(k3/2).Print(k3 + " / 2");
(k3*k7).Print(k3 + " * " + k7);
(k3*k8).Print(k3 + " * " + k8);
(-3*k3).Print();

public struct Komplexni
{
    // reálná část
    public decimal R { get; set; }
    // imaginární část
    public decimal I { get; set; }

    public Komplexni(decimal r, decimal i)
    {
        R = r;
        I = i;
    }

    public override string ToString()
    {
        return (I &gt;= 0) ? $"{R}+{I}i" : $"{R}{I}i";
    }

    #region Porovnavaci operatory
    // komplexní čísla nelze porovnávat podle velikosti ani řadit
    // porovnáváme tedy jen shodu a neshodu hodnot - operátory == a !=
    public static bool operator ==(Komplexni k1, Komplexni k2)
    {
        return (k1.R == k2.R &amp;&amp; k1.I == k2.I);
    }

    public static bool operator !=(Komplexni k1, Komplexni k2)
    {
        return (k1.R != k2.R || k1.I != k2.I);
    }
    #endregion

    #region Aritmeticke operatory
    // komplexní čísla umožňují sčítání, odčítání, násobení a dělení
    public static Komplexni operator +(Komplexni k1, Komplexni k2)
    {
        return new Komplexni(k1.R + k2.R, k1.I + k2.I);
    }

    public static Komplexni operator -(Komplexni k1, Komplexni k2)
    {
        return new Komplexni(k1.R - k2.R, k1.I - k2.I);
    }

	// násobení komplexního reálným
    public static Komplexni operator *(Komplexni k1, double real)
    {
        return new Komplexni(k1.R * (decimal)real, k1.I * (decimal)real);
    }
	
	// násobení reálného komplexním
    public static Komplexni operator *(double real, Komplexni k1)
    {
        return new Komplexni(k1.R * (decimal)real, k1.I * (decimal)real);
    }

    // násobení komplexního komplexním = (x1y1−x2y2)+(x1y2+x2y1)i
    public static Komplexni operator *(Komplexni k1, Komplexni k2)
    {
        decimal clen1 = (k1.R * k2.R) - (k1.I * k2.I);
        decimal clen2 = (k1.R * k2.I) + (k1.I * k2.R);
        return new Komplexni(clen1, clen2);
    }

    // dělení komplexního reálným
    public static Komplexni operator /(Komplexni k1, double real)
    {
        if (real == 0) throw new DivideByZeroException("Komplexní číslo nelze dělit nulou!");
        return new Komplexni(k1.R / (decimal)real, k1.I / (decimal)real);
    }

    //dělení komplexního komplexním
    public static Komplexni operator /(Komplexni k1, Komplexni k2)
    {
        if (k2.R == 0 &amp;&amp; k2.I == 0) throw new DivideByZeroException("Komplexní číslo nelze dělit nulou!");
        decimal clen1 = ((k1.R * k2.R) + (k1.I * k2.I)) / ((k2.R * k2.R) + (k2.I * k2.I));
        decimal clen2 = ((k1.I * k2.R) - (k1.R * k2.I)) / ((k2.R * k2.R) + (k2.I * k2.I));
        return new Komplexni(clen1, clen2);
    }
    #endregion
}</SourceCode>
        </ExampleCode>
        <ExampleCode>
          <Name>Kolekce List a Dictionary</Name>
          <SourceCode>using System;
using System.Collections;
using System.Collections.Generic;

var list = new List&lt;string&gt;();
list.Add("aaa");
list.Add("bbb");
list.Add("ccc");

list[2].Print("list[2]");

foreach (var s in list) s.Print();

var dict = new Dictionary&lt;string, string&gt;();
dict.Add("auto", "car");
dict.Add("pes", "dog");
dict.Add("kočka", "cat");
dict.Add("pivo", "beer");

dict["pes"].Print();
dict["pivo"].Print();

foreach (var x in dict) x.Key.Print();
</SourceCode>
        </ExampleCode>
      </Children>
    </ExampleTreeNode>
    <ExampleTreeNode>
      <Name>Přednáška 6</Name>
      <Children>
        <ExampleCode>
          <Name>Typ struct</Name>
          <SourceCode>Bod b1 = new Bod();
Bod b2 = new Bod(2, 3);
Bod b3 = default;

b1.Dump();
b2.Dump();
b3.Dump();

"Kopie instance a změna jejího obsahu: ".Print();

var b4 = b2;
b4.x = 10;

b2.Dump();
b4.Dump();

public struct Bod
{ 
	public int x, y; 
	
	public Bod(int x, int y) 
	{
		this.x = x;
		this.y = y;
	}
}</SourceCode>
        </ExampleCode>
        <ExampleCode>
          <Name>Typ touple</Name>
          <SourceCode>// tuple s nepojmenovanými položkami
var pepa = ("Pepa", "Novák", 22);
pepa.Print();
pepa.Dump();

pepa.Item1.Print();

(string, string, int) karel = ("Karel", "Vomáčka", 30);
karel.Dump();

var franta = VytvorFrantu();
franta.Dump();


(string jmeno, string prijmeni, int vek) petr = ("Petr", "Velký", 35);
petr.Dump();

var honza = VytvorHonzu();
honza.Dump();

(string, string, int) VytvorFrantu() =&gt; ("Franta", "Brabec", 25);
(string jmeno, string prijmeni, int vek) VytvorHonzu() =&gt; ("Honza", "Malý", 20);</SourceCode>
        </ExampleCode>
        <ExampleCode>
          <Name>Typ record</Name>
          <SourceCode>var b1 = new Bod(2, 3);
b1.Print();

var b2 = new Bod3D(4, 5, 3);
b2.Print();


public record Bod
{
	public int X { get; init; }
	public int Y { get; init; }
	
	public Bod(int x, int y)
	{
		X = x;
		Y = y;
	}
}

public record Bod3D
{
	public int X { get; init; }
	public int Y { get; init; }
	public int Z { get; init; }
	
	public Bod3D(int x, int y, int z) =&gt; (X, Y, Z) = (x, y, z);
}</SourceCode>
        </ExampleCode>
        <ExampleCode>
          <Name>Typ record - definice seznamem parametrů</Name>
          <SourceCode>var b1 = new Bod(2, 3);
b1.Print();

var b2 = new Bod3D(4, 5, 3);
b2.Print();

// dekonstrukce pomocí vygenerovaného dekonstruktoru
var (x, y) = b1;

x.Print();
y.Print();

public record Bod (int X, int Y) { }
public record Bod3D (int X, int Y, int Z) { }</SourceCode>
        </ExampleCode>
        <ExampleCode>
          <Name>Typ record - nedestruktivní změna</Name>
          <SourceCode>var b1 = new Bod(2, 3);
b1.Print();

var b2 = b1 with { Y = 10 };
b2.Print();

var test = new Test(1, 2, 3, 4, 5);
test.Print();

var test2 = test with { A = 5, C = 10, E = 15 };
test2.Print();

public record Bod (int X, int Y) { }
public record Test (int A, int B, int C, int D, int E) {}</SourceCode>
        </ExampleCode>
        <ExampleCode>
          <Name>LINQ - select</Name>
          <SourceCode>using System.Collections;
using System.Collections.Generic;
using System.Linq;

#region definice

List&lt;Osoba&gt; lidi = new List&lt;Osoba&gt;();
List&lt;TVSerial&gt; nazvy = new List&lt;TVSerial&gt;();

lidi.Add(new Osoba("Sheldon", "Cooper",1));
lidi.Add(new Osoba("Sara", "Sidle",2));
lidi.Add(new Osoba("Temperance", "Brennan",3));
lidi.Add(new Osoba("Richard", "Castle",4));
lidi.Add(new Osoba("Gregory", "House",5));
lidi.Add(new Osoba("William", "Adama",6));

nazvy.Add(new TVSerial("The Big Bang Theory",1));
nazvy.Add(new TVSerial("CSI",2));
nazvy.Add(new TVSerial("Bones",3));
nazvy.Add(new TVSerial("Castle",4));
nazvy.Add(new TVSerial("House M.D.",5));
nazvy.Add(new TVSerial("Battlestar Galactica",6));            

#endregion

// prostý select bez podmínky, řadící výsledky podle příjmení sestupně

var vysledek = from c in lidi
				orderby c.Prijmeni descending
				select c;
				
vysledek.Enumerate();

"*****".Print();

// to samé, ale "fluent" zápisem (řetězením metod)

var vysledekFluent = lidi
						.OrderByDescending(c =&gt; c.Prijmeni)
						.Select(n =&gt; n);
						
vysledekFluent.Enumerate();						

// select s podmínkou, vybere všechny lidi s příjmením majícím 5 písmen
// a seřadí je podle abecedy vzestupně

"*****".Print();

var vysledek2 = from c in lidi
				where c.Prijmeni.Length == 5
				orderby c.Prijmeni
				select c;
				
vysledek2.Enumerate();

// to samé, ale fluent zápis

"*****".Print();

var vysledek2Fluent = lidi
						.Where(c =&gt; c.Prijmeni.Length == 5)
						.OrderBy(c =&gt; c.Prijmeni)
						.Select(c =&gt; c);

vysledek2Fluent.Enumerate();						

#region definice tříd

public class Osoba
{
    public string Jmeno { get; set; }
    public string Prijmeni { get; set; }
    public int ID { get; set; }

	public Osoba(string jmeno, string prijmeni, int id)
    {
        Jmeno = jmeno;
        Prijmeni = prijmeni;
        ID = id;
    }

    public override string ToString()
    {
        return Jmeno + " " + Prijmeni;
    }
}

public class TVSerial
{
    public string Nazev { get; set; }
    public int ID { get; set; }

    public TVSerial(string nazev, int id)
    {
        Nazev = nazev;
        ID = id;
    }

    public override string ToString()
    {
        return Nazev;
    }
}

#endregion</SourceCode>
        </ExampleCode>
        <ExampleCode>
          <Name>LINQ - select s group by</Name>
          <SourceCode>using System.Collections;
using System.Collections.Generic;
using System.Linq;

#region definice

List&lt;Osoba&gt; lidi = new List&lt;Osoba&gt;();
List&lt;TVSerial&gt; nazvy = new List&lt;TVSerial&gt;();

lidi.Add(new Osoba("Sheldon", "Cooper",1));
lidi.Add(new Osoba("Sara", "Sidle",2));
lidi.Add(new Osoba("Temperance", "Brennan",3));
lidi.Add(new Osoba("Richard", "Castle",4));
lidi.Add(new Osoba("Gregory", "House",5));
lidi.Add(new Osoba("William", "Adama",6));

nazvy.Add(new TVSerial("The Big Bang Theory",1));
nazvy.Add(new TVSerial("CSI",2));
nazvy.Add(new TVSerial("Bones",3));
nazvy.Add(new TVSerial("Castle",4));
nazvy.Add(new TVSerial("House M.D.",5));
nazvy.Add(new TVSerial("Battlestar Galactica",6));            

#endregion

// seskupí lidi do skupiny podle prvního písmene jejich příjmení,
// skupiny vznikají podle toho jak jdou lidi po sobě, bez řazení

var vysledek = from c in lidi
				group c by c.Prijmeni[0];
				
foreach (var skupina in vysledek)
{
	$"Skupina '{skupina.Key}':".Print();
	foreach (var c in skupina) c.Print();
}

// seskupí lidi do skupin podle prvního písmene jejich příjmení,
// skupiny setřídí podle klíče (prvního písmena) sestupně

"*****".Print();

var vysledek2 = from c in lidi
				group c by c.Prijmeni[0] into skupina
				orderby skupina.Key descending
				select skupina;
				
foreach (var skupina in vysledek2)
{
	$"Skupina '{skupina.Key}':".Print();
	foreach (var c in skupina) c.Print();
}

#region definice tříd

public class Osoba
{
    public string Jmeno { get; set; }
    public string Prijmeni { get; set; }
    public int ID { get; set; }

	public Osoba(string jmeno, string prijmeni, int id)
    {
        Jmeno = jmeno;
        Prijmeni = prijmeni;
        ID = id;
    }

    public override string ToString()
    {
        return Jmeno + " " + Prijmeni;
    }
}

public class TVSerial
{
    public string Nazev { get; set; }
    public int ID { get; set; }

    public TVSerial(string nazev, int id)
    {
        Nazev = nazev;
        ID = id;
    }

    public override string ToString()
    {
        return Nazev;
    }
}

#endregion</SourceCode>
        </ExampleCode>
        <ExampleCode>
          <Name>LINQ - select s join</Name>
          <SourceCode>using System.Collections;
using System.Collections.Generic;
using System.Linq;

#region definice

List&lt;Osoba&gt; lidi = new List&lt;Osoba&gt;();
List&lt;TVSerial&gt; nazvy = new List&lt;TVSerial&gt;();

lidi.Add(new Osoba("Sheldon", "Cooper",1));
lidi.Add(new Osoba("Sara", "Sidle",2));
lidi.Add(new Osoba("Temperance", "Brennan",3));
lidi.Add(new Osoba("Richard", "Castle",4));
lidi.Add(new Osoba("Gregory", "House",5));
lidi.Add(new Osoba("William", "Adama",6));

nazvy.Add(new TVSerial("The Big Bang Theory",1));
nazvy.Add(new TVSerial("CSI",2));
nazvy.Add(new TVSerial("Bones",3));
nazvy.Add(new TVSerial("Castle",4));
nazvy.Add(new TVSerial("House M.D.",5));
nazvy.Add(new TVSerial("Battlestar Galactica",6));            

#endregion

// spojí postavy v seznamu lidi a seriály v seznamu nazvy
// podle jejich ID a vrátí vysledky jako anonymní objekty

var vysledek =  from c in lidi
				join s in nazvy 
				on c.ID equals s.ID
				select new { c.Jmeno, c.Prijmeni, s.Nazev };

// jde vrátit i tuple, stačí nahradit poslední část dotazu touto: 
// select (c.Jmeno, c.Prijmeni, s.Nazev)
				
vysledek.Enumerate();				

#region definice tříd

public class Osoba
{
    public string Jmeno { get; set; }
    public string Prijmeni { get; set; }
    public int ID { get; set; }

	public Osoba(string jmeno, string prijmeni, int id)
    {
        Jmeno = jmeno;
        Prijmeni = prijmeni;
        ID = id;
    }

    public override string ToString()
    {
        return Jmeno + " " + Prijmeni;
    }
}

public class TVSerial
{
    public string Nazev { get; set; }
    public int ID { get; set; }

    public TVSerial(string nazev, int id)
    {
        Nazev = nazev;
        ID = id;
    }

    public override string ToString()
    {
        return Nazev;
    }
}

#endregion</SourceCode>
        </ExampleCode>
      </Children>
    </ExampleTreeNode>
    <ExampleTreeNode>
      <Name>Přednáška 7</Name>
      <Children>
        <ExampleCode>
          <Name>Vlastní událost</Name>
          <SourceCode>using System;

Zapas z = new("Sparta", "Slavia");
z.ScoreChanged += ZmenaSkore;
z.Print();

z.GolDomaci();
z.GolHoste();
z.GolHoste();


void ZmenaSkore(object sender, EventArgs e)
{
	Console.WriteLine("Změna skóre! " + (sender as Zapas).ToString());
}


public class Zapas
{
	public string Domaci { get; set; }
	public string Hoste { get; set; }
	public int SkoreDomaci { get; set; } = 0;
	public int SkoreHoste { get; set; } = 0;
	
	public Zapas (string d, string h)
	{
		Domaci = d;
		Hoste = h;
	}
	
	public override string ToString() 
	{
		return $"Zápas {Domaci} - {Hoste} {SkoreDomaci}:{SkoreHoste}";
	}
	
	public event EventHandler ScoreChanged;
	
	protected virtual void OnScoreChanged(EventArgs e)
	{
		ScoreChanged?.Invoke(this, e);
	}
	
	public void GolDomaci()
	{
		SkoreDomaci += 1;
		OnScoreChanged(EventArgs.Empty);
	}
	
		public void GolHoste()
	{
		SkoreHoste += 1;
		OnScoreChanged(EventArgs.Empty);
	}
}
</SourceCode>
        </ExampleCode>
        <ExampleCode>
          <Name>Vlastní událost - rozšířená verze</Name>
          <SourceCode>using System;

Zapas z = new("Sparta", "Slavia");
z.ScoreChanged += ZmenaSkore;
z.Print();

z.GolDomaci();
z.GolHoste();
z.GolHoste();

void ZmenaSkore(object sender, ScoreChangedEventArgs e)
{
	Console.WriteLine($"Tým {e.Tym} dal gól! Stav {e.SkoreDomaci}:{e.SkoreHoste}");
}

public class ScoreChangedEventArgs : EventArgs 
{
	public readonly string Tym;
	public readonly int SkoreDomaci;
	public readonly int SkoreHoste;
	
	public ScoreChangedEventArgs(string tym, int skoreDomaci, int skoreHoste)
	{
		Tym = tym;
		SkoreDomaci = skoreDomaci;
		SkoreHoste = skoreHoste;
	}
}

public class Zapas
{
	public string Domaci { get; set; }
	public string Hoste { get; set; }
	public int SkoreDomaci { get; set; } = 0;
	public int SkoreHoste { get; set; } = 0;
	
	public Zapas (string d, string h)
	{
		Domaci = d;
		Hoste = h;
	}
	
	public override string ToString() 
	{
		return $"Zápas {Domaci} - {Hoste} {SkoreDomaci}:{SkoreHoste}";
	}
	
	public event EventHandler&lt;ScoreChangedEventArgs&gt; ScoreChanged;
	
	protected virtual void OnScoreChanged(ScoreChangedEventArgs e)
	{
		ScoreChanged?.Invoke(this, e);
	}
	
	public void GolDomaci()
	{
		SkoreDomaci += 1;	
		OnScoreChanged(new ScoreChangedEventArgs(Domaci, SkoreDomaci, SkoreHoste));
	}
	
		public void GolHoste()
	{
		SkoreHoste += 1;
		OnScoreChanged(new ScoreChangedEventArgs(Hoste, SkoreDomaci, SkoreHoste));
	}
}
</SourceCode>
        </ExampleCode>
        <ExampleCode>
          <Name>Vlastní ovladací prvek</Name>
          <SourceCode>using System;
using System.Windows.Forms;
using System.Drawing;

// v regionu "Můj Control" je definice vlastního ovladacího prvku
// v regionu "MyForm definice" je definice formuláře, na kterém je náš prvek použit

// TODO: DODĚLAT

Application.EnableVisualStyles();
Application.Run(new MyForm());

#region Můj Control

public class SimpleSwitch : Control
{
	private bool _state = false;

	// definice vlastních události
    public event EventHandler StateChanged;      // odpálí se, když je změněna hodnota vlastnosti State
    public event EventHandler BeforeStateChange; // odpálí se před změnou hodnoty vlastnosti State

	public bool State 
	{
		get { return _state; }
		set
		{
			OnBeforeStateChange(new EventArgs());	// odpálení události BeforeStateChange
			_state = value;							// změna hodnoty stavu	
			Invalidate();							// vyvolání překreslení prvku
			OnStateChanged(new EventArgs());		// odpálení události StateChanged
		}
	}
	
    public SimpleSwitch()	// konstruktor slouží čistě k aktivaci double bufferingu pro tento prvek
    {
        SetStyle(ControlStyles.DoubleBuffer, true);
        SetStyle(ControlStyles.AllPaintingInWmPaint, true);
        SetStyle(ControlStyles.UserPaint, true);
    }

	// vytvoření metod pro odpálení event handlerů událostí StateChanged a BeforeStateChanged
	// - jsou nové, proto jsou virtual
    protected virtual void OnStateChanged(EventArgs e)
    {
        StateChanged?.Invoke(this, e);
    }

    protected virtual void OnBeforeStateChange(EventArgs e)
    {
        BeforeStateChange?.Invoke(this, e);
    }

	// předefinování metody pro vykreslení prvku
	// - původní implementace v předkovi slouží jen pro odpálení event handleru a nic nekreslí 
	// - pokud bychom nezavolali base.OnPaint(), tak by uživatel našeho prvku sice mohl připojit
	//   event handler, ale ten by se nikdy nevykonal
    protected override void OnPaint(PaintEventArgs e)
    {
        var c = (State) ? Color.Green : Color.Red;
        e.Graphics.FillEllipse(new SolidBrush(c), 0, 0, Width, Height); 
        base.OnPaint(e); // zavolání implementace z předka - nutné pro odpálení event handleru
    }

	// předefinování metody pro reakci na kliknutí
	// - kliknutím dochází ke změně stavu, takže je nutné změnit hodnotu vlastnosti State
	// - změna hodnoty State se neprovede přímo změnou proměnné _state, ale přes vlastnost
	//   State, takže se použije setter, ve kterém se odpalují naše vlastní události
	//   BeforeStateChange a StateChanged
	// - nesmí se zapomenout zavolat implementaci metody z předka, jinak se neodpálí event
	//   handlery, které k události mohou být připojeny v místě použití našeho ovladacího
	//   prvku
    protected override void OnClick(EventArgs e)
    {
        State = !State;
        base.OnClick(e);
    }
}

#endregion

#region MyForm definice

public class MyForm : Form
{
	private SimpleSwitch _switch;

	public MyForm() 
	{
		_switch = new SimpleSwitch();
	
		this.Text = "Experimental Form";
		this.Controls.Add(_switch);
		
		_switch.Location = new Point(20, 20);
		_switch.Width = 50;
		_switch.Height = 50;
		
		_switch.Click += new EventHandler(switch_Click);
		_switch.StateChanged += new EventHandler(switch_StateChanged);
		_switch.BeforeStateChange += new EventHandler(switch_BeforeStateChange);
	}
	
	private void switch_Click(object sender, EventArgs e)
	{
		MessageBox.Show("Kliknuto na přepínač.");
	}
	
	private void switch_StateChanged(object sender, EventArgs e)
	{
		MessageBox.Show($"Stav změněn na {(sender as SimpleSwitch).State}.");
	}
	
	private void switch_BeforeStateChange(object sender, EventArgs e)
	{
		MessageBox.Show($"Aktuální stav {(sender as SimpleSwitch).State}, budoucí stav {!((sender as SimpleSwitch).State)}.");
	}	
}

#endregion</SourceCode>
        </ExampleCode>
      </Children>
    </ExampleTreeNode>
    <ExampleTreeNode>
      <Name>Přednáška 11 + 12</Name>
      <Children>
        <ExampleCode>
          <Name>Singleton (T)</Name>
          <SourceCode>// ********** SINGLETON ***********
// ********************************
// * tvořivý návrhový vzor        *
// * třídní diagram viz přednášky *
// ********************************

using System;

var s1 = Singleton.GetInstance();           // požádáme o instanci, ta zatím neexistuje a tak se vytvoří
s1.GetHashCode().Print("s1 hash");          // vypíšeme si její hash

var s2 = Singleton.GetInstance();           // požádáme opět o instanci, ta už existuje a tak se jen vrátí odkaz
s2.GetHashCode().Print("s2 hash");          // taktéž vypíšeme její hash -- je stejný jako předchozí, protože jde o stejnou instanci 
  
(s1.Equals(s2)).Print("s1 equals s2");      // ověření shodnosti pomocí metody Equals()
(s1 == s2).Print("s1 == s2");               // ověření shodnosti pomocí operátoru ==



public sealed class Singleton    // třída je definovaná jako sealed, takže z ní nelze dědit
{
 
   private static Singleton _singleton;
 
   private Singleton() {}    // private konstruktor, aby ho bylo možné volat jen z třídy samotné
 
   public static Singleton GetInstance()
   {
      if (_singleton == null)   // líné instancování = instance se vytvoří, až když je opravdu potřeba
      {
         _singleton = new Singleton(); 
         Console.WriteLine ("Singleton instancovan");
      }
      return _singleton;
   }   
}
</SourceCode>
        </ExampleCode>
        <ExampleCode>
          <Name>Builder - kanonický obecný (T)</Name>
          <SourceCode>// *********** BUILDER ************
// * kanonická verze podle GoF    *
// * - obecná podoba              *
// ********************************
// * tvořivý návrhový vzor        *
// * třídní diagram viz přednášky *
// ********************************

using System;
using System.Collections.Generic;

// Obecný popis Builderu může být abstraktní třída nebo interface,
// v tomto příkladu použijeme abstraktní třídu. Jak by vypadal interface
// definující totéž ze ukázáno v komentáři níže:

/*  // definice obecného popisu Builderu pomocí interface IBuilder
public interface IBuilder
{
	void BuildPartA();
	void BuildPartB();
	void BuildPartC();
	Product GetResult();
}
*/

var b1 = new ConcreteBuilder1();
var b2 = new ConcreteBuilder2();

var d = new Director();

var p1 = d.Construct(b1);
var p2 = d.Construct(b2);

p1.ShowParts();
p2.ShowParts();


public abstract class Builder 
{
    public abstract void BuildPartA();
    public abstract void BuildPartB();
    public abstract void BuildPartC();
    public abstract Product GetResult();
    public abstract void Reset();
}

public class Product
{
	private List&lt;string&gt; _parts = new List&lt;string&gt;();
	
	public void Add(string part) =&gt; _parts.Add(part);
	
	public void ShowParts()
	{
		Console.WriteLine("Produkt se skládá z:");
		foreach (var p in _parts) 
		{
			Console.WriteLine($"- {p}");
		}
	}
}

public class Director
{
	public Product Construct(Builder b)
	{
		b.BuildPartA();
		b.BuildPartB();
		b.BuildPartC();
		var result = b.GetResult();
		b.Reset();
		return result;
	}
}

public class ConcreteBuilder1 :  Builder
{
	private Product _product = new Product();
	
	public override void BuildPartA() =&gt; _product.Add("Součást A");
	public override void BuildPartB() =&gt; _product.Add("Součást B");
	public override void BuildPartC() =&gt; _product.Add("Součást C");
	
	public override Product GetResult() =&gt; _product;
	
	public override void Reset() =&gt; _product = new Product();
}

public class ConcreteBuilder2 :  Builder
{
	private Product _product = new Product();
	
	public override void BuildPartA() =&gt; _product.Add("Součást X");
	public override void BuildPartB() =&gt; _product.Add("Součást Y");
	public override void BuildPartC() =&gt; _product.Add("Součást Z");
	
	public override Product GetResult() =&gt; _product;
	
	public override void Reset() =&gt; _product = new Product();
}</SourceCode>
        </ExampleCode>
        <ExampleCode>
          <Name>Builder - kanonický pizza (T)</Name>
          <SourceCode>// *********** BUILDER ************
// * kanonická verze podle GoF    *
// * - příklad pizza              *
// ********************************
// * tvořivý návrhový vzor        *
// * třídní diagram viz přednášky *
// ********************************

using System;
using System.Collections.Generic;


var p = new Pizzerie();

var hb = new HawaiiPizzaBuilder();
var sb = new SunkovaPizzaBuilder();

var p1 = p.UpecPizzu(hb);
var p2 = p.UpecPizzu(sb);

p1.PopisPizzu();
p2.PopisPizzu();


public abstract class PizzaBuilder 
{
    public abstract void NastavTesto();
    public abstract void NastavZaklad();
 	public abstract void NastavIngredience();   
    public abstract Pizza GetResult();
    public abstract void Reset();
}

public class Pizza
{
	public string Nazev { get; }
	public string Testo { get; set; }
	public string Zaklad { get; set; }
	private List&lt;string&gt; _ingredience = new List&lt;string&gt;();
	
	public Pizza(string nazev) =&gt; Nazev = nazev;
	
	public void PridejIngredienci(string s) =&gt; _ingredience.Add(s);
	
	public void PopisPizzu() 
	{
		Console.WriteLine($"Pizza {Nazev} obsahuje:");
		Console.WriteLine($"- těsto {Testo}");
		Console.WriteLine($"- omáčkový základ {Zaklad}");
		Console.WriteLine("- ingredience:");
		foreach (var i in _ingredience)
		{
			Console.WriteLine($"   - {i}");
		}
	}
}

public class Pizzerie
{
	public Pizza UpecPizzu(PizzaBuilder b)
	{
		b.NastavTesto();
		b.NastavZaklad();
		b.NastavIngredience();
		var result = b.GetResult();
		b.Reset();
		return result;
	}
}

public class HawaiiPizzaBuilder : PizzaBuilder
{
	private Pizza _pizza = new Pizza("Hawaii");

	public override void NastavTesto() 
	{
		_pizza.Testo = "základní";
	}
	
	public override void NastavZaklad()
	{
		_pizza.Zaklad = "smetanový";
	}

	public override void NastavIngredience()
	{
		_pizza.PridejIngredienci("šunka");
		_pizza.PridejIngredienci("ananas");
		_pizza.PridejIngredienci("sýr");
	}	
	
	public override Pizza GetResult() =&gt; _pizza;
	
	public override void Reset() =&gt; _pizza = new Pizza("Hawaii");
}

public class SunkovaPizzaBuilder : PizzaBuilder
{
	private Pizza _pizza = new Pizza("Šunková");

	public override void NastavTesto() 
	{
		_pizza.Testo = "základní";
	}
	
	public override void NastavZaklad()
	{
		_pizza.Zaklad = "rajčatový";
	}

	public override void NastavIngredience()
	{
		_pizza.PridejIngredienci("šunka");
		_pizza.PridejIngredienci("sýr");
	}	
	
	public override Pizza GetResult() =&gt; _pizza;
	
	public override void Reset() =&gt; _pizza = new Pizza("Šunková");	
}</SourceCode>
        </ExampleCode>
        <ExampleCode>
          <Name>Fluent Builder - pizza (T)</Name>
          <SourceCode>// ******* FLUENT BUILDER *********
// * - příklad pizza              *
// ********************************
// * tvořivý návrhový vzor        *
// * - není podle návrhu GoF      *
// ********************************

using System;
using System.Collections.Generic;

var builder = new PizzaBuilder();

var hawaii = builder.NastavNazev("Hawaii")
					.VyberTesto("základní")
					.VyberZaklad("smetanový")
					.PridejIngredienci("šunka")
					.PridejIngredienci("ananas")
					.PridejIngredienci("sýr")
					.Build();
					
var sunkova = builder.NastavNazev("Šunková")
			 		 .VyberTesto("základní")
			 		 .VyberZaklad("rajčatový")
					 .PridejIngredienci("šunka")
					 .PridejIngredienci("sýr")
					 .Build();
					
hawaii.PopisPizzu();
sunkova.PopisPizzu();


public class PizzaBuilder
{
	private Pizza _pizza = new Pizza();
	
	public PizzaBuilder NastavNazev(string s)
	{
		_pizza.Nazev = s;
		return this;
	}
	
	public PizzaBuilder VyberTesto(string s)
	{
		_pizza.Testo = s;
		return this;
	}
	
	public PizzaBuilder VyberZaklad(string s)
	{
		_pizza.Zaklad = s;
		return this;
	}
	
	public PizzaBuilder PridejIngredienci(string s)
	{
		_pizza.PridejIngredienci(s);
		return this;
	}
	
	public Pizza Build() 
	{
		var result = _pizza;
		_pizza = new Pizza();
		return result;
	}
}

public class Pizza
{
	public string Nazev { get; set; }
	public string Testo { get; set; }
	public string Zaklad { get; set; }
	private List&lt;string&gt; _ingredience = new List&lt;string&gt;();
	
	public void PridejIngredienci(string s) =&gt; _ingredience.Add(s);
	
	public void PopisPizzu() 
	{
		Console.WriteLine($"Pizza {Nazev} obsahuje:");
		Console.WriteLine($"- těsto {Testo}");
		Console.WriteLine($"- omáčkový základ {Zaklad}");
		Console.WriteLine("- ingredience:");
		foreach (var i in _ingredience)
		{
			Console.WriteLine($"   - {i}");
		}
	}
}</SourceCode>
        </ExampleCode>
        <ExampleCode>
          <Name>Factory Method (T)</Name>
          <SourceCode>// ******** FACTORY METHOD ********
// ********************************
// * tvořivý návrhový vzor        *
// * třídní diagram viz přednášky *
// ********************************

using System;

var creator1 = new ConcreteCreator1();
var creator2 = new ConcreteCreator2();

creator1.AnOperation();
creator2.AnOperation();


public interface IProduct 
{
	string Operation();
}

public class Product1 : IProduct
{
	public string Operation()
	{
		return "Product1.Operation()";
	}
}

public class Product2 : IProduct
{
	public string Operation()
	{
		return "Product2.Operation()";
	}
}

public abstract class Creator
{
	public abstract IProduct FactoryMethod();
	
	public void AnOperation() 
	{
		var product = FactoryMethod();		
		var result = product.Operation();
		
		Console.WriteLine($"Creator něco dělá s výsledkem {result}.");
	}
}

public class ConcreteCreator1 : Creator
{
	public override IProduct FactoryMethod()
	{
		return new Product1();
	}
}

public class ConcreteCreator2 : Creator
{
	public override IProduct FactoryMethod()
	{
		return new Product2();
	}
}</SourceCode>
        </ExampleCode>
        <ExampleCode>
          <Name>Factory (T)</Name>
          <SourceCode>// *********** FACTORY ************
// ********************************
// * tvořivý návrhový vzor        *
// ********************************

using System;

var b = SubscriptionFactory.GetSubscription(SubscriptionType.Bronze);
var s = SubscriptionFactory.GetSubscription(SubscriptionType.Silver);
var g = SubscriptionFactory.GetSubscription(SubscriptionType.Gold);

SubscriptionDetails(b);
SubscriptionDetails(s);
SubscriptionDetails(g);


void SubscriptionDetails(ISubscription s)
{
	Console.WriteLine($"Typ předplatného: {s.Subscription().ToString()}");
	Console.WriteLine($"Počet kanálů: {s.Channels()}");
	Console.WriteLine($"Zpětné přehrávání: {s.ReplayPeriod()} dní");
}

public enum SubscriptionType { Bronze, Silver, Gold }

public interface ISubscription
{
	SubscriptionType Subscription();
	int Channels();
	int ReplayPeriod();
}

public class BronzeSubscription : ISubscription
{
	public SubscriptionType Subscription() =&gt; SubscriptionType.Bronze;
	public int Channels() =&gt; 15;
	public int ReplayPeriod() =&gt; 7;
}

public class SilverSubscription : ISubscription
{
	public SubscriptionType Subscription() =&gt; SubscriptionType.Silver;
	public int Channels() =&gt; 40;
	public int ReplayPeriod() =&gt; 14;
}

public class GoldSubscription : ISubscription
{
	public SubscriptionType Subscription() =&gt; SubscriptionType.Gold;
	public int Channels() =&gt; 80;
	public int ReplayPeriod() =&gt; 28;
}

public class SubscriptionFactory
{
	public static ISubscription GetSubscription(SubscriptionType s)
	{
		switch(s) 
		{
			case SubscriptionType.Bronze:
				return new BronzeSubscription();
			break;
			case SubscriptionType.Silver:
				return new SilverSubscription();
			break;
			case SubscriptionType.Gold:
				return new GoldSubscription();
			break;
		}
		return null;
	}
}</SourceCode>
        </ExampleCode>
        <ExampleCode>
          <Name>Abstract Factory (T)</Name>
          <SourceCode>// ******* ABSTRACT FACTORY *******
// ********************************
// * tvořivý návrhový vzor        *
// * třídní diagram viz přednášky *
// ********************************

// AbstractProduct i AbstractFactory mohou být implementovány i jako interface

using System;

ClientMethod(new Factory1());
ClientMethod(new Factory2());

void ClientMethod(AbstractFactory f)
{
	var a = f.CreateProductA();
	var b = f.CreateProductB();
	
	a.OperationA();
	b.OperationB();
}

#region Produkty

public abstract class AbstractProductA
{
	public abstract void OperationA();
}

public abstract class AbstractProductB
{
	public abstract void OperationB();
}

public class ProductA1 : AbstractProductA
{
	public override void OperationA() =&gt; Console.WriteLine("ProductA1.Operation");
}

public class ProductA2 : AbstractProductA
{
	public override void OperationA() =&gt; Console.WriteLine("ProductA2.Operation");
}

public class ProductB1 : AbstractProductB
{
	public override void OperationB() =&gt; Console.WriteLine("ProductB1.Operation");
}

public class ProductB2 : AbstractProductB
{
	public override void OperationB() =&gt; Console.WriteLine("ProductB2.Operation");
}

#endregion

#region Továrny

public abstract class AbstractFactory
{
	public abstract AbstractProductA CreateProductA();
	public abstract AbstractProductB CreateProductB();
}

public class Factory1 : AbstractFactory
{
	public override AbstractProductA CreateProductA() =&gt; new ProductA1();	
	public override AbstractProductB CreateProductB() =&gt; new ProductB1();
}

public class Factory2 : AbstractFactory
{
	public override AbstractProductA CreateProductA() =&gt; new ProductA2();	
	public override AbstractProductB CreateProductB() =&gt; new ProductB2();
}

#endregion</SourceCode>
        </ExampleCode>
        <ExampleCode>
          <Name>Adapter (S)</Name>
          <SourceCode>// *********** ADAPTER ************
// ********************************
// * strukturální návrhový vzor   *
// * třídní diagram viz přednášky *
// ********************************

using System;

var target = new Target();
target.Request();

var adaptee = new Adaptee();
var adapter = new Adapter(adaptee);

adapter.Request();

// pokud bychom ve třídách Target a Adapter nedeklarovali metodu Request() jako virtual/override,
// následující volání by nevedlo k očekávanému výsledku, protože bychom pouze schovávali implementaci 
// metody Request(), pozor na to!

Target test = adapter;
test.Request();

public class Adaptee
{
	public void SpecificRequest() =&gt; Console.WriteLine("Adaptee.SpecificRequest");
}

public class Target
{
	public virtual void Request() =&gt; Console.WriteLine("Target.Request");
}

public class Adapter : Target
{
	private Adaptee _adaptee;
	
	public Adapter(Adaptee a) =&gt; _adaptee = a;
	
	public override void Request() =&gt; _adaptee.SpecificRequest();
}</SourceCode>
        </ExampleCode>
        <ExampleCode>
          <Name>Decorator (S)</Name>
          <SourceCode>// ********** DECORATOR ***********
// ********************************
// * strukturální návrhový vzor   *
// * třídní diagram viz přednášky *
// ********************************

using System;
using System.Windows.Forms;
using System.Drawing;

// v regionu "Dekorator tridy definice" najdete definice všech tříd implementujících návrhový vzor
// v regionu "MyForm definice" je definice formuláře, na který se kreslí několik podob objektu
// zkrášleného dekorátory

Application.EnableVisualStyles();
Application.Run(new MyForm());

#region Dekorator tridy definice

public abstract class AbstraktniKomponenta
{
    public abstract void NakresliSe(Graphics g, int x, int y);
}

public class Okno : AbstraktniKomponenta
{
    public override void NakresliSe(Graphics g, int x, int y)
    {
        g.FillRectangle(new SolidBrush(Color.White), x, y, 200, 140);
    }
}

public abstract class AbstraktniDekorator : AbstraktniKomponenta
{
    private AbstraktniKomponenta _komponenta = null;

    protected AbstraktniDekorator(AbstraktniKomponenta k)
    {
        _komponenta = k;
    }

    public override void NakresliSe(Graphics g, int x, int y)
    {
        _komponenta.NakresliSe(g, x, y);
    }
}

public class Ramecek : AbstraktniDekorator
{
    public Ramecek(AbstraktniKomponenta k) : base(k) { }

    public override void NakresliSe(Graphics g, int x, int y)
    {
        base.NakresliSe(g, x, y);
        g.DrawRectangle(new Pen(Color.Black), x, y, 199, 139);
        g.DrawRectangle(new Pen(Color.LightGray), x + 2, y + 2, 195, 135);
    }
}

public class Titulek : AbstraktniDekorator
{
    private string _text;   

    public Titulek(AbstraktniKomponenta k, string text) : base(k)
    {
        _text = text;
    }

    public override void NakresliSe(Graphics g, int x, int y)
    {
        base.NakresliSe(g, x, y);
        g.FillRectangle(new SolidBrush(Color.Navy), x, y - 25, 200, 25);
        g.DrawString(_text, new Font("Sans Serif", 10), new SolidBrush(Color.White), x + 20, y - 22);
    }
}

public class Smajlik : AbstraktniDekorator
{
    public Smajlik(AbstraktniKomponenta k) : base(k) { }

    public override void NakresliSe(Graphics g, int x, int y)
    {
        base.NakresliSe(g, x, y);
        g.FillEllipse(new SolidBrush(Color.Yellow), x + 70, y + 40, 60, 60);
        g.FillEllipse(new SolidBrush(Color.Black), x + 80, y + 55, 10, 10);
        g.FillEllipse(new SolidBrush(Color.Black), x + 110, y + 55, 10, 10);
        g.DrawArc(new Pen(Color.Black, 4), x + 90, y + 70, 20, 15, 0, 180);
    }
}


#endregion

#region MyForm definice

public class MyForm : Form
{
	private Button myButton;
	
	public MyForm() 
	{
		myButton = new Button();

		this.Text = "Experimental Form";
		this.Controls.Add(myButton);
		
		this.Width = 800;
		this.Height = 600;
	
		myButton.Text = "Kresli";
		myButton.Click += new EventHandler(myButton_Click);
		myButton.Location = new Point(10, 10);
	
		

	}
	
	private void myButton_Click(object sender, EventArgs e)
	{
            Graphics g = this.CreateGraphics();

            Okno o = new Okno();
            o.NakresliSe(g, 30, 60);

            AbstraktniKomponenta r = new Ramecek(o);

            AbstraktniKomponenta t = new Titulek(r, "Tohle je titulek");

            AbstraktniKomponenta x = new Titulek(o, "Tohle je taky titulek");

            t.NakresliSe(g, 30, 300);
            x.NakresliSe(g, 350, 60);

            AbstraktniKomponenta s = new Smajlik(new Titulek(new Ramecek(new Okno()), "Tohle je smajlík"));
            s.NakresliSe(g, 350, 300);
		
	}
}

#endregion</SourceCode>
        </ExampleCode>
        <ExampleCode>
          <Name>Facade - obecně (S)</Name>
          <SourceCode>// *********** FACADE *************
// * - obecný příklad podle GoF   *
// ********************************
// * strukturální návrhový vzor   *
// * třídní diagram viz přednášky *
// ********************************

using System;

var f = new Facade();

f.MethodA();
f.MethodB();


#region Subsystémy

public class SubsystemA
{
	public void DoSomething()
	{
		Console.WriteLine("- SubsystemA.DoSomething");		
	}
}

public class SubsystemB
{
	public void DoSomething()
	{
		Console.WriteLine("- SubsystemB.DoSomething");		
	}
}

public static class SubsystemC
{
	public static void DoSomething()
	{
		Console.WriteLine("- Static SubsystemC.DoSomething");		
	}
}

#endregion

#region Fasáda

public class Facade
{
	private SubsystemA _subA;
	private SubsystemB _subB;

	public Facade()
	{
		_subA = new SubsystemA();
		_subB = new SubsystemB();
	}

	public void MethodA()
	{
		Console.WriteLine("Facade.MethodA:");
		_subA.DoSomething();
		_subB.DoSomething();
		Console.WriteLine();
	}
	
	public void MethodB()
	{
		Console.WriteLine("Facade.MethodB:");
		_subA.DoSomething();
		_subB.DoSomething();
		SubsystemC.DoSomething();
		Console.WriteLine();
	}
}

#endregion</SourceCode>
        </ExampleCode>
        <ExampleCode>
          <Name>Facade - výpočet ve hře (S)</Name>
          <SourceCode>// *********** FACADE *************
// * - příklad výpočet ve hře     *
// ********************************
// * strukturální návrhový vzor   *
// * třídní diagram viz přednášky *
// ********************************

using System;

var akce = new Utok();
var vysledek = akce.Proved();

switch (vysledek)
{
	case &gt;0: Console.WriteLine($"Tvůj útok uspěl a dal jsi protivníkovi damage {vysledek} bodů.");
		break;
	case &lt;0: Console.WriteLine($"Tvůj útok selhal a protivník ti v protiútoku dal damage {Math.Abs(vysledek)} bodů.");
		break;
	case  0: Console.WriteLine($"Protivník se ubránil tvému útoku a ty jeho protiútoku.");
		break;
}


#region Subsystémy

public interface IKostka
{
	int Hod();
}

public class Kostka6 : IKostka
{
	private Random _random = new Random();
	
	public int Hod() =&gt; _random.Next(1, 7);  // spodní inkluzivní, horní exkluzivní
}

public class Kostka12 : IKostka
{
	private Random _random = new Random();
	
	public int Hod() =&gt; _random.Next(1, 13);  // spodní inkluzivní, horní exkluzivní
}

#endregion

#region Fasáda

public class Utok
{
	private IKostka _hrac = new Kostka6();
	private IKostka _protihrac = new Kostka6();
	private IKostka _damage = new Kostka12();
	
	public int Proved() 
	{
		// naházíme kostkami
		var hrac = _hrac.Hod();
		var protihrac = _protihrac.Hod();
		var damage = _damage.Hod();		
		// pokud hráč hodí víc, dá protivníkovi hozené poškození
		if (hrac &gt; protihrac) return damage;
		// pokud hráč hodí míň, dá mu protivník hozené poškození
		if (hrac &lt; protihrac) return damage * -1;
		// pokud hodí oba stejně, je to remíza a nikdo nedostane damage
		return 0;
	}
}

#endregion</SourceCode>
        </ExampleCode>
        <ExampleCode>
          <Name>Composite - obecně (S)</Name>
          <SourceCode>// ********** COMPOSITE ***********
// * - obecný příklad podle GoF   *
// ********************************
// * strukturální návrhový vzor   *
// * třídní diagram viz přednášky *
// ********************************

using System;
using System.Collections.Generic;

var koren = new Composite("koren");
var skladba1 = new Composite("skladba 1");
var skladba2 = new Composite("skladba 2");
var skladba3 = new Composite("skladba 3");

koren.Add(skladba1);

skladba1.Add(skladba2);
skladba1.Add(skladba3);

koren.Add(new Leaf("list 1"));
koren.Add(new Leaf("list 2"));

skladba1.Add(new Leaf("list 3"));

skladba2.Add(new Leaf("list 4"));
skladba2.Add(new Leaf("list 5"));

skladba3.Add(new Leaf("list 6"));
skladba3.Add(new Leaf("list 7"));

koren.Operation(1);


#region Definice prvků vzoru

public abstract class Component
{
    protected string _name;

	public Component(string name)
    {
        _name = name;
    }
    public abstract void Add(Component c);
    public abstract void Remove(Component c);
    public abstract void Operation(int depth);
}

public class Composite : Component
{
	List&lt;Component&gt; Children { get; }

	public Composite(string name) : base(name) 
	{
		Children = new List&lt;Component&gt;();
	}
	
	public override void Add(Component c)
	{
		Children.Add(c);
	}
	
	public override void Remove(Component c)
	{
		Children.Remove(c);
	}
	
    public override void Operation(int depth)
    {
        Console.WriteLine("-".PadLeft(depth) + _name);
        foreach (var c in Children)
        {
            c.Operation(depth + 2);
        }
    }	
}

public class Leaf : Component
{
	public Leaf(string name) : base(name) {}
	
	public override void Add(Component c) =&gt; throw new NotSupportedException();
	public override void Remove(Component c) =&gt; throw new NotSupportedException();
	
	public override void Operation(int depth)
	{
        Console.WriteLine("-".PadLeft(depth) + _name);
	}
}

#endregion</SourceCode>
        </ExampleCode>
        <ExampleCode>
          <Name>Composite - souborový systém (S)</Name>
          <SourceCode>// ********** COMPOSITE ***********
// * - příklad souborový systém   *
// ********************************
// * strukturální návrhový vzor   *
// * třídní diagram viz přednášky *
// ********************************

using System;
using System.Collections.Generic;


var koren = new Slozka(@"C:\");
var slozka1 = new Slozka("Data");
var slozka2 = new Slozka("Hry");
var slozka3 = new Slozka("Diplomka");
var slozka4 = new Slozka("Doom");

koren.Pridej(slozka1);
koren.Pridej(slozka2);
slozka1.Pridej(slozka3);
slozka2.Pridej(slozka4);

slozka1.Pridej(new Soubor("ukol.doc"));
slozka3.Pridej(new Soubor("diplomka01.doc"));
slozka3.Pridej(new Soubor("diplomka02.doc"));
slozka3.Pridej(new Soubor("diplomka03.doc"));

slozka4.Pridej(new Soubor("doom.exe"));

koren.Vypis();



#region definice prvků vzoru

public abstract class Polozka
{
    protected string _jmeno;

	public Polozka(string jmeno)
    {
        _jmeno = jmeno;
    }
    public abstract void Pridej(Polozka p);
    public abstract void Smaz(Polozka p);
    public abstract void Vypis(int depth);
}

public class Slozka : Polozka
{
	List&lt;Polozka&gt; Polozky { get; }

	public Slozka(string jmeno) : base(jmeno) 
	{
		Polozky = new List&lt;Polozka&gt;();
	}
	
	public override void Pridej(Polozka p)
	{
		Polozky.Add(p);
	}
	
	public override void Smaz(Polozka p)
	{
		Polozky.Remove(p);
	}
	
    public override void Vypis(int depth = 2)
    {
    	if (depth != 2) Console.Write("└─".PadLeft(depth));
        Console.WriteLine($"{_jmeno} &lt;ADR&gt;");

		foreach (var p in Polozky)
        {
            p.Vypis(depth + 2);
        }
    }	
}

public class Soubor : Polozka
{
	public Soubor(string jmeno) : base(jmeno) {}
	
	public override void Pridej(Polozka p) =&gt; throw new NotSupportedException();
	public override void Smaz(Polozka p) =&gt; throw new NotSupportedException();
	
	public override void Vypis(int depth)
	{
        Console.WriteLine("└─".PadLeft(depth) + _jmeno);
	}
}

#endregion</SourceCode>
        </ExampleCode>
        <ExampleCode>
          <Name>State - obecně (B)</Name>
          <SourceCode>// ************ STATE *************
// * - obecný příklad podle GoF   *
// ********************************
// * behaviorální návrhový vzor   *
// * třídní diagram viz přednášky *
// ********************************

using System;

var stateA = new StateA();
var stateB = new StateB();

var client = new Client(stateA);

client.ClientDoSomething();

client.ClientState = stateB;

client.ClientDoSomething();



public class Client 
{
	public State ClientState { get; set; }
	
	public Client(State s)
	{
		ClientState = s;
	}

	public void ClientDoSomething()
	{
		ClientState.DoSomething();
	}
}

public abstract class State
{
	public abstract void DoSomething();
}

public class StateA : State
{
	public override void DoSomething()
	{
		Console.WriteLine("StateA.DoSomething()");
	}
}

public class StateB : State
{
	public override void DoSomething()
	{
		Console.WriteLine("StateB.DoSomething()");
	}
}
</SourceCode>
        </ExampleCode>
        <ExampleCode>
          <Name>State - osoby v systému (B)</Name>
          <SourceCode>// ************ STATE *************
// * - příklad osoby v systému    *
// ********************************
// * behaviorální návrhový vzor   *
// * třídní diagram viz přednášky *
// ********************************

using System;


var o1 = new Osoba("Pepa", "Novák", new Junior()) { Nastup = new DateTime(2021, 5, 10) };
var o2 = new Osoba("Pepa", "Novák", new Senior()) { Nastup = new DateTime(2015, 10, 12) };
var o3 = new Osoba("Pepa", "Novák", new Guru()) { Nastup = new DateTime(2010, 1, 1) };

o1.Plat().Print();
o2.Plat().Print();
o3.Plat().Print();


void PovysZamestnance(Osoba o, PayGrade p)
{
	o.Stav = p switch
		     {
			  	PayGrade.Senior =&gt; new Senior(),
				PayGrade.Guru =&gt; new Guru(),
				_ =&gt; new Junior()
		     }; 
}


public enum PayGrade { Junior, Senior, Guru }

public class Osoba
{
	public string Jmeno { get; set; }
	public string Prijmeni { get; set; }
	public DateTime Nastup { get; set; }
	
	public State Stav { get; set; }
	
	public Osoba(string jmeno, string prijmeni, State s) 
	{
		Jmeno = jmeno;
		Prijmeni = prijmeni;
		Stav = s;
		Nastup = DateTime.Now;
	}
	
	public decimal Plat()
	{
		return Stav.Plat(Nastup);
	}
}

public abstract class State
{
	public abstract decimal Plat(DateTime nastup);
}

public class Junior : State 
{
	private const int _zaklad = 35_000;

	public override decimal Plat(DateTime nastup)
	{
		var dneska = DateTime.Now;
		var rozdil = dneska - nastup;
		var praxe = Math.Floor(rozdil.Days / 365.2422M);
		
		return _zaklad + (1000 * praxe);
	}
}

public class Senior : State 
{
	private const int _zaklad = 50_000;

	public override decimal Plat(DateTime nastup)
	{
		var dneska = DateTime.Now;
		var rozdil = dneska - nastup;
		var praxe = Math.Floor(rozdil.Days / 365.2422M);
		
		return _zaklad + (2000 * praxe);
	}
}

public class Guru : State 
{
	private const int _zaklad = 100_000;

	public override decimal Plat(DateTime nastup)
	{
		var dneska = DateTime.Now;
		var rozdil = dneska - nastup;
		var praxe = Math.Floor(rozdil.Days / 365.2422M);
		
		return _zaklad + (5000 * praxe);
	}
}</SourceCode>
        </ExampleCode>
        <ExampleCode>
          <Name>Strategy - obecně (B)</Name>
          <SourceCode>// *********** STRATEGY ***********
// * - obecný příklad podle GoF   *
// ********************************
// * behaviorální návrhový vzor   *
// * třídní diagram viz přednášky *
// ********************************

using System;

var context1 = new Context(new StrategyA());
var context2 = new Context(new StrategyB());

context1.Operation();
context2.Operation();

#region definice vzoru

public class Context
{
	private Strategy _strategy;
	
	public Context(Strategy s) =&gt; _strategy = s;
	
	public void Operation() =&gt; _strategy.Handle();
}

public abstract class Strategy
{
	public abstract void Handle();
}

public class StrategyA : Strategy
{
	public override void Handle() =&gt; Console.WriteLine("StrategyA.Handle()");
}

public class StrategyB : Strategy
{
	public override void Handle() =&gt; Console.WriteLine("StrategyB.Handle()");
}

#endregion</SourceCode>
        </ExampleCode>
        <ExampleCode>
          <Name>Strategy - ukládání dat (B)</Name>
          <SourceCode>// *********** STRATEGY ***********
// * - příklad ukládání dat       *
// *   v různých formátech        *
// ********************************
// * behaviorální návrhový vzor   *
// * třídní diagram viz přednášky *
// ********************************

using System;
using System.Text.Json;
using System.Text.RegularExpressions;
using System.Xml.Serialization;
using System.IO;

var data = new DataClass("text", 3.14, 123);

var serial1 = new ToStringSerializer(new JsonSerializationStrategy());
var serial2 = new ToStringSerializer(new XmlSerializationStrategy());

serial1.SerializeObject(data).Print();
serial2.SerializeObject(data).Print();


public class DataClass
{
	public string TextData { get; set; }
	public double DoubleData { get; set; }
	public int IntegerData { get; set; }
	
	public DataClass() {}
	
	public DataClass(string t, double d, int i)
	{
		TextData = t;
		DoubleData = d;
		IntegerData = i;
	}
}

public class ToStringSerializer
{
	private SerializationStrategy _strategy;
	
	public ToStringSerializer(SerializationStrategy s) =&gt; _strategy = s;
	
	public string SerializeObject(object obj)
	{
		return _strategy.Serialize(obj);
	}
}

public abstract class SerializationStrategy
{
	public abstract string Serialize(object obj);
}

public class JsonSerializationStrategy : SerializationStrategy
{
	public override string Serialize(object obj)
	{
		return JsonSerializer.Serialize(obj, new JsonSerializerOptions { WriteIndented = true, IncludeFields = true });		
	}
}

public class XmlSerializationStrategy : SerializationStrategy
{
	public override string Serialize(object obj)
	{
		using(var writer = new StringWriter()) 
		{
			var x = new XmlSerializer(obj.GetType());
			x.Serialize(writer, obj);
			return writer.ToString();
		}
	}
}

</SourceCode>
        </ExampleCode>
      </Children>
    </ExampleTreeNode>
  </Nodes>
</ExampleTree>